2025-11-15 15:14:29,299 | root | WARNING | data/ 目录下没有找到 Excel 文件
2025-11-15 15:22:43,829 | root | WARNING | data/ 目录下没有找到 Excel 文件
2025-11-15 16:38:11,690 | root | INFO | 发现 1个 Excel 文件：['Nigeria.xlsx']
2025-11-15 16:38:11,691 | root | INFO |  开始同步： E:\PycharmProjects\excel_to_mysql\data\Nigeria.xlsx → 表 'nigeria'
2025-11-15 16:38:11,922 | root | ERROR | ❌ Excel 预处理失败: E:\PycharmProjects\excel_to_mysql\data\Nigeria.xlsx -> Worksheet named 'sheet1' not found
2025-11-15 16:38:11,922 | root | WARNING |  跳过空文件： E:\PycharmProjects\excel_to_mysql\data\Nigeria.xlsx
2025-11-15 16:38:11,922 | root | INFO | ✅ 批量同步完成：0/1 个文件成功
2025-11-15 16:57:49,050 | root | INFO | 发现 1个 Excel 文件：['Nigeria.xlsx']
2025-11-15 16:57:49,051 | root | INFO |  开始同步： E:\PycharmProjects\excel_to_mysql\data\Nigeria.xlsx → 表 'nigeria'
2025-11-15 16:57:49,215 | root | ERROR | ❌ Excel 预处理失败: E:\PycharmProjects\excel_to_mysql\data\Nigeria.xlsx -> Worksheet named 'sheet1' not found
2025-11-15 16:57:49,215 | root | WARNING |  跳过空文件： E:\PycharmProjects\excel_to_mysql\data\Nigeria.xlsx
2025-11-15 16:57:49,215 | root | INFO | ✅ 批量同步完成：0/1 个文件成功
2025-11-17 14:13:44,932 | root | INFO | 发现 1个 Excel 文件：['Nigeria.xlsx']
2025-11-17 14:13:44,933 | root | INFO |  开始同步： E:\PycharmProjects\excel_to_mysql\data\Nigeria.xlsx → 表 'nigeria'
2025-11-17 14:13:45,220 | root | ERROR | ❌ Excel 预处理失败: E:\PycharmProjects\excel_to_mysql\data\Nigeria.xlsx -> Worksheet named 'sheet1' not found
2025-11-17 14:13:45,220 | root | WARNING |  跳过空文件： E:\PycharmProjects\excel_to_mysql\data\Nigeria.xlsx
2025-11-17 14:13:45,220 | root | INFO | ✅ 批量同步完成：0/1 个文件成功
2025-11-17 17:40:44,338 | root | INFO | 发现 1个 Excel 文件：['Nigeria.xlsx']
2025-11-17 17:40:44,338 | root | INFO |  开始处理文件：Nigeria.xlsx
2025-11-17 17:40:44,359 | root | INFO |  发现 1 个工作表：['Nigeria']
2025-11-17 17:40:48,412 | root | INFO | 金额列 'Revenue' 已处理 (Nigeria.xlsx/Nigeria)
2025-11-17 17:40:48,422 | root | INFO | ✅ Excel 预处理完成: Nigeria.xlsx/Nigeria -> 204904 行, 6 列
2025-11-17 17:40:48,448 | root | ERROR | ❌ MySQL 连接失败：'cryptography' package is required for sha256_password or caching_sha2_password auth methods
2025-11-17 17:40:48,449 | root | INFO | ✅ 批量同步完成：0 个工作表
2025-11-17 17:41:11,185 | root | INFO | 发现 1个 Excel 文件：['Nigeria.xlsx']
2025-11-17 17:41:11,185 | root | INFO |  开始处理文件：Nigeria.xlsx
2025-11-17 17:41:11,192 | root | INFO |  发现 1 个工作表：['Nigeria']
2025-11-17 17:41:15,019 | root | INFO | 金额列 'Revenue' 已处理 (Nigeria.xlsx/Nigeria)
2025-11-17 17:41:15,029 | root | INFO | ✅ Excel 预处理完成: Nigeria.xlsx/Nigeria -> 204904 行, 6 列
2025-11-17 17:41:15,034 | root | ERROR | ❌ MySQL 连接失败：'cryptography' package is required for sha256_password or caching_sha2_password auth methods
2025-11-17 17:41:15,035 | root | INFO | ✅ 批量同步完成：0 个工作表
2025-11-17 17:43:08,939 | root | INFO | 发现 1个 Excel 文件：['Nigeria.xlsx']
2025-11-17 17:43:08,939 | root | INFO |  开始处理文件：Nigeria.xlsx
2025-11-17 17:43:08,947 | root | INFO |  发现 1 个工作表：['Nigeria']
2025-11-17 17:43:12,794 | root | INFO | 金额列 'Revenue' 已处理 (Nigeria.xlsx/Nigeria)
2025-11-17 17:43:12,802 | root | INFO | ✅ Excel 预处理完成: Nigeria.xlsx/Nigeria -> 204904 行, 6 列
2025-11-17 17:43:12,825 | root | INFO | ✅ MySQL 连接成功
2025-11-17 17:43:12,848 | root | ERROR | ❌ 同步失败：nigeria - (1064, "You have an error in your SQL syntax; check the manual that corresponds to your MySQL server version for the right syntax to use near ''nigeria' ('id' INT AUTO_INCREMENT PRIMARY KEY, 'ProductID' BIGINT, 'Date' DATE,' at line 1")
Traceback (most recent call last):
  File "E:\PycharmProjects\excel_to_mysql\excel_to_mysql.py", line 156, in sync_dataframe_to_table
    create_table_with_auto_increment(conn, df, table_name)
    ~~~~~~~~~~~~~~~~~~~~~~~~~~~~~~~~^^^^^^^^^^^^^^^^^^^^^^
  File "E:\PycharmProjects\excel_to_mysql\excel_to_mysql.py", line 135, in create_table_with_auto_increment
    cursor.execute(create_sql)
    ~~~~~~~~~~~~~~^^^^^^^^^^^^
  File "E:\PycharmProjects\excel_to_mysql\.venv\Lib\site-packages\pymysql\cursors.py", line 153, in execute
    result = self._query(query)
  File "E:\PycharmProjects\excel_to_mysql\.venv\Lib\site-packages\pymysql\cursors.py", line 322, in _query
    conn.query(q)
    ~~~~~~~~~~^^^
  File "E:\PycharmProjects\excel_to_mysql\.venv\Lib\site-packages\pymysql\connections.py", line 575, in query
    self._affected_rows = self._read_query_result(unbuffered=unbuffered)
                          ~~~~~~~~~~~~~~~~~~~~~~~^^^^^^^^^^^^^^^^^^^^^^^
  File "E:\PycharmProjects\excel_to_mysql\.venv\Lib\site-packages\pymysql\connections.py", line 826, in _read_query_result
    result.read()
    ~~~~~~~~~~~^^
  File "E:\PycharmProjects\excel_to_mysql\.venv\Lib\site-packages\pymysql\connections.py", line 1203, in read
    first_packet = self.connection._read_packet()
  File "E:\PycharmProjects\excel_to_mysql\.venv\Lib\site-packages\pymysql\connections.py", line 782, in _read_packet
    packet.raise_for_error()
    ~~~~~~~~~~~~~~~~~~~~~~^^
  File "E:\PycharmProjects\excel_to_mysql\.venv\Lib\site-packages\pymysql\protocol.py", line 219, in raise_for_error
    err.raise_mysql_exception(self._data)
    ~~~~~~~~~~~~~~~~~~~~~~~~~^^^^^^^^^^^^
  File "E:\PycharmProjects\excel_to_mysql\.venv\Lib\site-packages\pymysql\err.py", line 150, in raise_mysql_exception
    raise errorclass(errno, errval)
pymysql.err.ProgrammingError: (1064, "You have an error in your SQL syntax; check the manual that corresponds to your MySQL server version for the right syntax to use near ''nigeria' ('id' INT AUTO_INCREMENT PRIMARY KEY, 'ProductID' BIGINT, 'Date' DATE,' at line 1")
2025-11-17 17:43:12,889 | root | INFO | ✅ 批量同步完成：0 个工作表
2025-11-18 13:59:27,869 | root | INFO | 发现 1个 Excel 文件：['Nigeria.xlsx']
2025-11-18 13:59:27,869 | root | INFO |  开始处理文件：Nigeria.xlsx
2025-11-18 13:59:27,902 | root | INFO |  发现 1 个工作表：['Nigeria']
2025-11-18 13:59:33,284 | root | INFO | 金额列 'Revenue' 已处理 (Nigeria.xlsx/Nigeria)
2025-11-18 13:59:33,296 | root | INFO | ✅ Excel 预处理完成: Nigeria.xlsx/Nigeria -> 204904 行, 6 列
2025-11-18 13:59:33,305 | root | INFO | ✅ MySQL 连接成功
2025-11-18 13:59:33,336 | root | ERROR | ❌ 同步失败：nigeria - (1064, "You have an error in your SQL syntax; check the manual that corresponds to your MySQL server version for the right syntax to use near ''nigeria' ('id' INT AUTO_INCREMENT PRIMARY KEY, 'ProductID' BIGINT, 'Date' DATE,' at line 1")
Traceback (most recent call last):
  File "E:\PycharmProjects\excel_to_mysql\excel_to_mysql.py", line 156, in sync_dataframe_to_table
    create_table_with_auto_increment(conn, df, table_name)
    ~~~~~~~~~~~~~~~~~~~~~~~~~~~~~~~~^^^^^^^^^^^^^^^^^^^^^^
  File "E:\PycharmProjects\excel_to_mysql\excel_to_mysql.py", line 135, in create_table_with_auto_increment
    cursor.execute(create_sql)
    ~~~~~~~~~~~~~~^^^^^^^^^^^^
  File "E:\PycharmProjects\excel_to_mysql\.venv\Lib\site-packages\pymysql\cursors.py", line 153, in execute
    result = self._query(query)
  File "E:\PycharmProjects\excel_to_mysql\.venv\Lib\site-packages\pymysql\cursors.py", line 322, in _query
    conn.query(q)
    ~~~~~~~~~~^^^
  File "E:\PycharmProjects\excel_to_mysql\.venv\Lib\site-packages\pymysql\connections.py", line 575, in query
    self._affected_rows = self._read_query_result(unbuffered=unbuffered)
                          ~~~~~~~~~~~~~~~~~~~~~~~^^^^^^^^^^^^^^^^^^^^^^^
  File "E:\PycharmProjects\excel_to_mysql\.venv\Lib\site-packages\pymysql\connections.py", line 826, in _read_query_result
    result.read()
    ~~~~~~~~~~~^^
  File "E:\PycharmProjects\excel_to_mysql\.venv\Lib\site-packages\pymysql\connections.py", line 1203, in read
    first_packet = self.connection._read_packet()
  File "E:\PycharmProjects\excel_to_mysql\.venv\Lib\site-packages\pymysql\connections.py", line 782, in _read_packet
    packet.raise_for_error()
    ~~~~~~~~~~~~~~~~~~~~~~^^
  File "E:\PycharmProjects\excel_to_mysql\.venv\Lib\site-packages\pymysql\protocol.py", line 219, in raise_for_error
    err.raise_mysql_exception(self._data)
    ~~~~~~~~~~~~~~~~~~~~~~~~~^^^^^^^^^^^^
  File "E:\PycharmProjects\excel_to_mysql\.venv\Lib\site-packages\pymysql\err.py", line 150, in raise_mysql_exception
    raise errorclass(errno, errval)
pymysql.err.ProgrammingError: (1064, "You have an error in your SQL syntax; check the manual that corresponds to your MySQL server version for the right syntax to use near ''nigeria' ('id' INT AUTO_INCREMENT PRIMARY KEY, 'ProductID' BIGINT, 'Date' DATE,' at line 1")
2025-11-18 13:59:33,407 | root | INFO | ✅ 批量同步完成：0 个工作表
2025-11-18 14:36:46,774 | root | INFO | 发现 2个 Excel 文件：['Germany.xlsx', 'Nigeria.xlsx']
2025-11-18 14:36:46,774 | root | INFO |  开始处理文件：Germany.xlsx
2025-11-18 14:36:46,782 | root | INFO |  发现 1 个工作表：['Germany']
2025-11-18 14:36:50,258 | root | INFO | 金额列 'Revenue' 已处理 (Germany.xlsx/Germany)
2025-11-18 14:36:50,267 | root | INFO | ✅ Excel 预处理完成: Germany.xlsx/Germany -> 137619 行, 6 列
2025-11-18 14:36:50,273 | root | INFO | ✅ MySQL 连接成功
2025-11-18 14:36:50,305 | root | ERROR | ❌ 处理文件失败：Germany.xlsx - (0, '')
Traceback (most recent call last):
  File "E:\PycharmProjects\excel_to_mysql\.venv\Lib\site-packages\pymysql\connections.py", line 789, in _read_bytes
    data = self._rfile.read(num_bytes)
  File "D:\Python\Lib\socket.py", line 719, in readinto
    return self._sock.recv_into(b)
           ~~~~~~~~~~~~~~~~~~~~^^^
ConnectionResetError: [WinError 10054] 远程主机强迫关闭了一个现有的连接。

During handling of the above exception, another exception occurred:

Traceback (most recent call last):
  File "E:\PycharmProjects\excel_to_mysql\excel_to_mysql.py", line 156, in sync_dataframe_to_table
    create_table_with_auto_increment(conn, df, table_name)
    ~~~~~~~~~~~~~~~~~~~~~~~~~~~~~~~~^^^^^^^^^^^^^^^^^^^^^^
  File "E:\PycharmProjects\excel_to_mysql\excel_to_mysql.py", line 135, in create_table_with_auto_increment
    cursor.execute(create_sql)
    ~~~~~~~~~~~~~~^^^^^^^^^^^^
  File "E:\PycharmProjects\excel_to_mysql\.venv\Lib\site-packages\pymysql\cursors.py", line 153, in execute
    result = self._query(query)
  File "E:\PycharmProjects\excel_to_mysql\.venv\Lib\site-packages\pymysql\cursors.py", line 322, in _query
    conn.query(q)
    ~~~~~~~~~~^^^
  File "E:\PycharmProjects\excel_to_mysql\.venv\Lib\site-packages\pymysql\connections.py", line 575, in query
    self._affected_rows = self._read_query_result(unbuffered=unbuffered)
                          ~~~~~~~~~~~~~~~~~~~~~~~^^^^^^^^^^^^^^^^^^^^^^^
  File "E:\PycharmProjects\excel_to_mysql\.venv\Lib\site-packages\pymysql\connections.py", line 826, in _read_query_result
    result.read()
    ~~~~~~~~~~~^^
  File "E:\PycharmProjects\excel_to_mysql\.venv\Lib\site-packages\pymysql\connections.py", line 1203, in read
    first_packet = self.connection._read_packet()
  File "E:\PycharmProjects\excel_to_mysql\.venv\Lib\site-packages\pymysql\connections.py", line 751, in _read_packet
    packet_header = self._read_bytes(4)
  File "E:\PycharmProjects\excel_to_mysql\.venv\Lib\site-packages\pymysql\connections.py", line 795, in _read_bytes
    raise err.OperationalError(
    ...<2 lines>...
    )
pymysql.err.OperationalError: (2013, 'Lost connection to MySQL server during query ([WinError 10054] 远程主机强迫关闭了一个现有的连接。)')

During handling of the above exception, another exception occurred:

Traceback (most recent call last):
  File "E:\PycharmProjects\excel_to_mysql\excel_to_mysql.py", line 218, in sync_single_excel_all_sheets
    if sync_dataframe_to_table(df, final_table_name):
       ~~~~~~~~~~~~~~~~~~~~~~~^^^^^^^^^^^^^^^^^^^^^^
  File "E:\PycharmProjects\excel_to_mysql\excel_to_mysql.py", line 178, in sync_dataframe_to_table
    conn.rollback()
    ~~~~~~~~~~~~~^^
  File "E:\PycharmProjects\excel_to_mysql\.venv\Lib\site-packages\pymysql\connections.py", line 504, in rollback
    self._execute_command(COMMAND.COM_QUERY, "ROLLBACK")
    ~~~~~~~~~~~~~~~~~~~~~^^^^^^^^^^^^^^^^^^^^^^^^^^^^^^^
  File "E:\PycharmProjects\excel_to_mysql\.venv\Lib\site-packages\pymysql\connections.py", line 844, in _execute_command
    raise err.InterfaceError(0, "")
pymysql.err.InterfaceError: (0, '')
2025-11-18 14:36:50,359 | root | INFO |  开始处理文件：Nigeria.xlsx
2025-11-18 14:36:50,382 | root | INFO |  发现 1 个工作表：['Nigeria']
2025-11-18 14:36:55,417 | root | INFO | 金额列 'Revenue' 已处理 (Nigeria.xlsx/Nigeria)
2025-11-18 14:36:55,426 | root | INFO | ✅ Excel 预处理完成: Nigeria.xlsx/Nigeria -> 204904 行, 6 列
2025-11-18 14:36:57,459 | root | ERROR | ❌ MySQL 连接失败：(2003, "Can't connect to MySQL server on '172.17.202.147' ([WinError 10061] 由于目标计算机积极拒绝，无法连接。)")
2025-11-18 14:36:57,460 | root | INFO | ✅ 批量同步完成：0 个工作表
2025-11-18 14:38:05,592 | root | INFO | 发现 2个 Excel 文件：['Germany.xlsx', 'Nigeria.xlsx']
2025-11-18 14:38:05,592 | root | INFO |  开始处理文件：Germany.xlsx
2025-11-18 14:38:05,600 | root | INFO |  发现 1 个工作表：['Germany']
2025-11-18 14:38:08,624 | root | INFO | 金额列 'Revenue' 已处理 (Germany.xlsx/Germany)
2025-11-18 14:38:08,635 | root | INFO | ✅ Excel 预处理完成: Germany.xlsx/Germany -> 137619 行, 6 列
2025-11-18 14:38:08,670 | root | INFO | ✅ MySQL 连接成功
2025-11-18 14:38:08,711 | root | INFO | ✅ 表 `germany` 已创建（带自增主键）
2025-11-18 14:38:09,042 | root | ERROR | ❌ 同步失败：`germany` - 'Connection' object has no attribute 'curosr'
Traceback (most recent call last):
  File "E:\PycharmProjects\excel_to_mysql\excel_to_mysql.py", line 167, in sync_dataframe_to_table
    with conn.curosr() as cursor:
         ^^^^^^^^^^^
AttributeError: 'Connection' object has no attribute 'curosr'. Did you mean: 'cursor'?
2025-11-18 14:38:09,056 | root | INFO |  开始处理文件：Nigeria.xlsx
2025-11-18 14:38:09,063 | root | INFO |  发现 1 个工作表：['Nigeria']
2025-11-18 14:38:14,153 | root | INFO | 金额列 'Revenue' 已处理 (Nigeria.xlsx/Nigeria)
2025-11-18 14:38:14,163 | root | INFO | ✅ Excel 预处理完成: Nigeria.xlsx/Nigeria -> 204904 行, 6 列
2025-11-18 14:38:14,180 | root | INFO | ✅ MySQL 连接成功
2025-11-18 14:38:14,241 | root | INFO | ✅ 表 `nigeria` 已创建（带自增主键）
2025-11-18 14:38:14,706 | root | ERROR | ❌ 同步失败：`nigeria` - 'Connection' object has no attribute 'curosr'
Traceback (most recent call last):
  File "E:\PycharmProjects\excel_to_mysql\excel_to_mysql.py", line 167, in sync_dataframe_to_table
    with conn.curosr() as cursor:
         ^^^^^^^^^^^
AttributeError: 'Connection' object has no attribute 'curosr'. Did you mean: 'cursor'?
2025-11-18 14:38:14,733 | root | INFO | ✅ 批量同步完成：0 个工作表
2025-11-19 13:40:00,061 | root | INFO | 发现 2个 Excel 文件：['Germany.xlsx', 'Nigeria.xlsx']
2025-11-19 13:40:00,061 | root | INFO |  开始处理文件：Germany.xlsx
2025-11-19 13:40:00,402 | root | INFO |  发现 1 个工作表：['Germany']
2025-11-19 13:40:03,988 | root | INFO | 金额列 'Revenue' 已处理 (Germany.xlsx/Germany)
2025-11-19 13:40:04,001 | root | INFO | ✅ Excel 预处理完成: Germany.xlsx/Germany -> 137619 行, 6 列
2025-11-19 13:40:04,025 | root | INFO | ✅ MySQL 连接成功
2025-11-19 13:40:07,463 | root | ERROR | ❌ 处理文件失败：Germany.xlsx - (0, '')
Traceback (most recent call last):
  File "E:\PycharmProjects\excel_to_mysql\.venv\Lib\site-packages\pymysql\connections.py", line 789, in _read_bytes
    data = self._rfile.read(num_bytes)
  File "D:\Python\Lib\socket.py", line 719, in readinto
    return self._sock.recv_into(b)
           ~~~~~~~~~~~~~~~~~~~~^^^
ConnectionResetError: [WinError 10054] 远程主机强迫关闭了一个现有的连接。

During handling of the above exception, another exception occurred:

Traceback (most recent call last):
  File "E:\PycharmProjects\excel_to_mysql\excel_to_mysql.py", line 170, in sync_dataframe_to_table
    create_table_with_auto_increment(conn, df, table_name)
    ~~~~~~~~~~~~~~~~~~~~~~~~~~~~~~~~^^^^^^^^^^^^^^^^^^^^^^
  File "E:\PycharmProjects\excel_to_mysql\excel_to_mysql.py", line 147, in create_table_with_auto_increment
    cursor.execute(create_sql)
    ~~~~~~~~~~~~~~^^^^^^^^^^^^
  File "E:\PycharmProjects\excel_to_mysql\.venv\Lib\site-packages\pymysql\cursors.py", line 153, in execute
    result = self._query(query)
  File "E:\PycharmProjects\excel_to_mysql\.venv\Lib\site-packages\pymysql\cursors.py", line 322, in _query
    conn.query(q)
    ~~~~~~~~~~^^^
  File "E:\PycharmProjects\excel_to_mysql\.venv\Lib\site-packages\pymysql\connections.py", line 575, in query
    self._affected_rows = self._read_query_result(unbuffered=unbuffered)
                          ~~~~~~~~~~~~~~~~~~~~~~~^^^^^^^^^^^^^^^^^^^^^^^
  File "E:\PycharmProjects\excel_to_mysql\.venv\Lib\site-packages\pymysql\connections.py", line 826, in _read_query_result
    result.read()
    ~~~~~~~~~~~^^
  File "E:\PycharmProjects\excel_to_mysql\.venv\Lib\site-packages\pymysql\connections.py", line 1203, in read
    first_packet = self.connection._read_packet()
  File "E:\PycharmProjects\excel_to_mysql\.venv\Lib\site-packages\pymysql\connections.py", line 751, in _read_packet
    packet_header = self._read_bytes(4)
  File "E:\PycharmProjects\excel_to_mysql\.venv\Lib\site-packages\pymysql\connections.py", line 795, in _read_bytes
    raise err.OperationalError(
    ...<2 lines>...
    )
pymysql.err.OperationalError: (2013, 'Lost connection to MySQL server during query ([WinError 10054] 远程主机强迫关闭了一个现有的连接。)')

During handling of the above exception, another exception occurred:

Traceback (most recent call last):
  File "E:\PycharmProjects\excel_to_mysql\excel_to_mysql.py", line 247, in sync_single_excel_all_sheets
    if sync_dataframe_to_table(df, final_table_name):
       ~~~~~~~~~~~~~~~~~~~~~~~^^^^^^^^^^^^^^^^^^^^^^
  File "E:\PycharmProjects\excel_to_mysql\excel_to_mysql.py", line 194, in sync_dataframe_to_table
    conn.rollback()
    ~~~~~~~~~~~~~^^
  File "E:\PycharmProjects\excel_to_mysql\.venv\Lib\site-packages\pymysql\connections.py", line 504, in rollback
    self._execute_command(COMMAND.COM_QUERY, "ROLLBACK")
    ~~~~~~~~~~~~~~~~~~~~~^^^^^^^^^^^^^^^^^^^^^^^^^^^^^^^
  File "E:\PycharmProjects\excel_to_mysql\.venv\Lib\site-packages\pymysql\connections.py", line 844, in _execute_command
    raise err.InterfaceError(0, "")
pymysql.err.InterfaceError: (0, '')
2025-11-19 13:40:07,551 | root | INFO |  开始处理文件：Nigeria.xlsx
2025-11-19 13:40:07,625 | root | INFO |  发现 1 个工作表：['Nigeria']
2025-11-19 13:40:13,008 | root | INFO | 金额列 'Revenue' 已处理 (Nigeria.xlsx/Nigeria)
2025-11-19 13:40:13,021 | root | INFO | ✅ Excel 预处理完成: Nigeria.xlsx/Nigeria -> 204904 行, 6 列
2025-11-19 13:40:15,056 | root | ERROR | ❌ MySQL 连接失败：(2003, "Can't connect to MySQL server on '172.17.202.147' ([WinError 10061] 由于目标计算机积极拒绝，无法连接。)")
2025-11-19 13:40:15,057 | root | INFO | ✅ 批量同步完成：共处理 2 个文件，成功同步0 个工作表
2025-11-19 13:42:25,401 | root | INFO | 发现 2个 Excel 文件：['Germany.xlsx', 'Nigeria.xlsx']
2025-11-19 13:42:25,401 | root | INFO |  开始处理文件：Germany.xlsx
2025-11-19 13:42:25,588 | root | INFO |  发现 1 个工作表：['Germany']
2025-11-19 13:42:29,031 | root | INFO | 金额列 'Revenue' 已处理 (Germany.xlsx/Germany)
2025-11-19 13:42:29,041 | root | INFO | ✅ Excel 预处理完成: Germany.xlsx/Germany -> 137619 行, 6 列
2025-11-19 13:42:29,091 | root | INFO | ✅ MySQL 连接成功
2025-11-19 13:42:29,133 | root | INFO | ✅ 表 `germany` 已创建（带自增主键）
2025-11-19 13:42:31,941 | root | INFO | ✅ 同步成功：表 `germany` ← 137619 行
2025-11-19 13:42:31,958 | root | INFO |  开始处理文件：Nigeria.xlsx
2025-11-19 13:42:31,965 | root | INFO |  发现 1 个工作表：['Nigeria']
2025-11-19 13:42:37,256 | root | INFO | 金额列 'Revenue' 已处理 (Nigeria.xlsx/Nigeria)
2025-11-19 13:42:37,266 | root | INFO | ✅ Excel 预处理完成: Nigeria.xlsx/Nigeria -> 204904 行, 6 列
2025-11-19 13:42:37,292 | root | INFO | ✅ MySQL 连接成功
2025-11-19 13:42:37,344 | root | INFO | ✅ 表 `nigeria` 已创建（带自增主键）
2025-11-19 13:42:40,674 | root | INFO | ✅ 同步成功：表 `nigeria` ← 204904 行
2025-11-19 13:42:40,696 | root | INFO | ✅ 批量同步完成：共处理 2 个文件，成功同步2 个工作表
2025-11-19 13:53:28,112 | root | INFO | 发现 2个 Excel 文件：['Germany.xlsx', 'Nigeria.xlsx']
2025-11-19 13:53:28,113 | root | INFO |  开始处理文件：Germany.xlsx
2025-11-19 13:53:28,295 | root | INFO |  发现 1 个工作表：['Germany']
2025-11-19 13:53:31,648 | root | INFO | 金额列 'Revenue' 已处理 (Germany.xlsx/Germany)
2025-11-19 13:53:31,655 | root | INFO | ✅ Excel 预处理完成: Germany.xlsx/Germany -> 137619 行, 6 列
2025-11-19 13:53:31,662 | root | INFO | ✅ MySQL 连接成功
2025-11-19 13:53:31,688 | root | INFO | ✅ 表 `germany` 已创建（带自增主键）
2025-11-19 13:53:34,358 | root | INFO | ✅ 同步成功：表 `germany` ← 137619 行
2025-11-19 13:53:34,391 | root | INFO |  开始处理文件：Nigeria.xlsx
2025-11-19 13:53:34,399 | root | INFO |  发现 1 个工作表：['Nigeria']
2025-11-19 13:53:39,884 | root | INFO | 金额列 'Revenue' 已处理 (Nigeria.xlsx/Nigeria)
2025-11-19 13:53:39,894 | root | INFO | ✅ Excel 预处理完成: Nigeria.xlsx/Nigeria -> 204905 行, 6 列
2025-11-19 13:53:39,899 | root | INFO | ✅ MySQL 连接成功
2025-11-19 13:53:39,940 | root | INFO | ✅ 表 `nigeria` 已创建（带自增主键）
2025-11-19 13:53:44,187 | root | INFO | ✅ 同步成功：表 `nigeria` ← 204905 行
2025-11-19 13:53:44,228 | root | INFO | ✅ 批量同步完成：共处理 2 个文件，成功同步2 个工作表
2025-11-19 13:57:06,991 | root | INFO | 发现 2个 Excel 文件：['Germany.xlsx', 'Nigeria.xlsx']
2025-11-19 13:57:06,991 | root | INFO |  开始处理文件：Germany.xlsx
2025-11-19 13:57:07,176 | root | INFO |  发现 1 个工作表：['Germany']
2025-11-19 13:57:10,429 | root | INFO | 金额列 'Revenue' 已处理 (Germany.xlsx/Germany)
2025-11-19 13:57:10,436 | root | INFO | ✅ Excel 预处理完成: Germany.xlsx/Germany -> 137619 行, 6 列
2025-11-19 13:57:10,443 | root | INFO | ✅ MySQL 连接成功
2025-11-19 13:57:10,472 | root | INFO | ✅ 表 `germany` 已创建（带自增主键）
2025-11-19 13:57:13,000 | root | INFO | ✅ 同步成功：表 `germany` ← 137619 行
2025-11-19 13:57:13,020 | root | INFO |  开始处理文件：Nigeria.xlsx
2025-11-19 13:57:13,027 | root | INFO |  发现 1 个工作表：['Nigeria']
2025-11-19 13:57:17,780 | root | INFO | 金额列 'Revenue' 已处理 (Nigeria.xlsx/Nigeria)
2025-11-19 13:57:17,789 | root | INFO | ✅ Excel 预处理完成: Nigeria.xlsx/Nigeria -> 204905 行, 6 列
2025-11-19 13:57:17,809 | root | INFO | ✅ MySQL 连接成功
2025-11-19 13:57:17,839 | root | INFO | ✅ 表 `nigeria` 已创建（带自增主键）
2025-11-19 13:57:20,981 | root | INFO | ✅ 同步成功：表 `nigeria` ← 204905 行
2025-11-19 13:57:21,001 | root | INFO | ✅ 批量同步完成：共处理 2 个文件，成功同步2 个工作表
2025-11-19 14:02:24,709 | root | INFO | 发现 2个 Excel 文件：['Germany.xlsx', 'Nigeria.xlsx']
2025-11-19 14:02:24,709 | root | INFO |  开始处理文件：Germany.xlsx
2025-11-19 14:02:24,863 | root | INFO |  发现 1 个工作表：['Germany']
2025-11-19 14:02:28,122 | root | INFO | 金额列 'Revenue' 已处理 (Germany.xlsx/Germany)
2025-11-19 14:02:28,132 | root | INFO | ✅ Excel 预处理完成: Germany.xlsx/Germany -> 137619 行, 6 列
2025-11-19 14:02:28,139 | root | INFO | ✅ MySQL 连接成功
2025-11-19 14:02:28,171 | root | INFO | ✅ 表 `germany` 已创建（带自增主键）
2025-11-19 14:02:31,009 | root | INFO | ✅ 同步成功：表 `germany` ← 137619 行
2025-11-19 14:02:31,029 | root | INFO |  开始处理文件：Nigeria.xlsx
2025-11-19 14:02:31,038 | root | INFO |  发现 1 个工作表：['Nigeria']
2025-11-19 14:02:36,565 | root | INFO | 金额列 'Revenue' 已处理 (Nigeria.xlsx/Nigeria)
2025-11-19 14:02:36,574 | root | INFO | ✅ Excel 预处理完成: Nigeria.xlsx/Nigeria -> 204906 行, 6 列
2025-11-19 14:02:36,601 | root | INFO | ✅ MySQL 连接成功
2025-11-19 14:02:36,631 | root | INFO | ✅ 表 `nigeria` 已创建（带自增主键）
2025-11-19 14:02:39,848 | root | INFO | ✅ 同步成功：表 `nigeria` ← 204906 行
2025-11-19 14:02:39,875 | root | INFO | ✅ 批量同步完成：共处理 2 个文件，成功同步2 个工作表
2025-11-19 14:06:30,109 | root | INFO | 发现 3个 Excel 文件：['Germany.xlsx', 'Nigeria.xlsx', '~$Nigeria.xlsx']
2025-11-19 14:06:30,109 | root | INFO |  开始处理文件：Germany.xlsx
2025-11-19 14:06:30,272 | root | INFO |  发现 1 个工作表：['Germany']
2025-11-19 14:06:33,523 | root | INFO | 金额列 'Revenue' 已处理 (Germany.xlsx/Germany)
2025-11-19 14:06:33,530 | root | INFO | ✅ Excel 预处理完成: Germany.xlsx/Germany -> 137619 行, 6 列
2025-11-19 14:06:33,536 | root | INFO | ✅ MySQL 连接成功
2025-11-19 14:06:33,561 | root | INFO | ✅ 表 `germany` 已创建（带自增主键）
2025-11-19 14:06:36,186 | root | INFO | ✅ 同步成功：表 `germany` ← 137619 行
2025-11-19 14:06:36,206 | root | INFO |  开始处理文件：Nigeria.xlsx
2025-11-19 14:06:36,213 | root | INFO |  发现 1 个工作表：['Nigeria']
2025-11-19 14:06:42,244 | root | INFO | 金额列 'Revenue' 已处理 (Nigeria.xlsx/Nigeria)
2025-11-19 14:06:42,261 | root | INFO | ✅ Excel 预处理完成: Nigeria.xlsx/Nigeria -> 204905 行, 6 列
2025-11-19 14:06:42,291 | root | INFO | ✅ MySQL 连接成功
2025-11-19 14:06:42,345 | root | INFO | ✅ 表 `nigeria` 已创建（带自增主键）
2025-11-19 14:06:46,669 | root | INFO | ✅ 同步成功：表 `nigeria` ← 204905 行
2025-11-19 14:06:46,698 | root | INFO |  开始处理文件：~$Nigeria.xlsx
2025-11-19 14:06:46,699 | root | ERROR | ❌ 处理文件失败：~$Nigeria.xlsx - [Errno 13] Permission denied: 'E:\\PycharmProjects\\excel_to_mysql\\data\\~$Nigeria.xlsx'
Traceback (most recent call last):
  File "E:\PycharmProjects\excel_to_mysql\excel_to_mysql.py", line 211, in sync_single_excel_all_sheets
    excel_file = pd.ExcelFile(file_path, engine='openpyxl')
  File "E:\PycharmProjects\excel_to_mysql\.venv\Lib\site-packages\pandas\io\excel\_base.py", line 1567, in __init__
    self._reader = self._engines[engine](
                   ~~~~~~~~~~~~~~~~~~~~~^
        self._io,
        ^^^^^^^^^
        storage_options=storage_options,
        ^^^^^^^^^^^^^^^^^^^^^^^^^^^^^^^^
        engine_kwargs=engine_kwargs,
        ^^^^^^^^^^^^^^^^^^^^^^^^^^^^
    )
    ^
  File "E:\PycharmProjects\excel_to_mysql\.venv\Lib\site-packages\pandas\io\excel\_openpyxl.py", line 553, in __init__
    super().__init__(
    ~~~~~~~~~~~~~~~~^
        filepath_or_buffer,
        ^^^^^^^^^^^^^^^^^^^
        storage_options=storage_options,
        ^^^^^^^^^^^^^^^^^^^^^^^^^^^^^^^^
        engine_kwargs=engine_kwargs,
        ^^^^^^^^^^^^^^^^^^^^^^^^^^^^
    )
    ^
  File "E:\PycharmProjects\excel_to_mysql\.venv\Lib\site-packages\pandas\io\excel\_base.py", line 563, in __init__
    self.handles = get_handle(
                   ~~~~~~~~~~^
        filepath_or_buffer, "rb", storage_options=storage_options, is_text=False
        ^^^^^^^^^^^^^^^^^^^^^^^^^^^^^^^^^^^^^^^^^^^^^^^^^^^^^^^^^^^^^^^^^^^^^^^^
    )
    ^
  File "E:\PycharmProjects\excel_to_mysql\.venv\Lib\site-packages\pandas\io\common.py", line 882, in get_handle
    handle = open(handle, ioargs.mode)
PermissionError: [Errno 13] Permission denied: 'E:\\PycharmProjects\\excel_to_mysql\\data\\~$Nigeria.xlsx'
2025-11-19 14:06:46,761 | root | INFO | ✅ 批量同步完成：共处理 3 个文件，成功同步2 个工作表
2025-11-19 14:08:03,800 | root | INFO | 发现 3个 Excel 文件：['Germany.xlsx', 'Nigeria.xlsx', '~$Nigeria.xlsx']
2025-11-19 14:08:03,800 | root | INFO |  开始处理文件：Germany.xlsx
2025-11-19 14:08:03,984 | root | INFO |  发现 1 个工作表：['Germany']
2025-11-19 14:08:07,358 | root | INFO | 金额列 'Revenue' 已处理 (Germany.xlsx/Germany)
2025-11-19 14:08:07,363 | root | INFO | ✅ Excel 预处理完成: Germany.xlsx/Germany -> 137619 行, 6 列
2025-11-19 14:08:07,388 | root | INFO | ✅ MySQL 连接成功
2025-11-19 14:08:07,435 | root | INFO | ✅ 表 `germany` 已创建（带自增主键）
2025-11-19 14:08:10,383 | root | INFO | ✅ 同步成功：表 `germany` ← 137619 行
2025-11-19 14:08:10,404 | root | INFO |  开始处理文件：Nigeria.xlsx
2025-11-19 14:08:10,413 | root | INFO |  发现 1 个工作表：['Nigeria']
2025-11-19 14:08:16,176 | root | INFO | 金额列 'Revenue' 已处理 (Nigeria.xlsx/Nigeria)
2025-11-19 14:08:16,187 | root | INFO | ✅ Excel 预处理完成: Nigeria.xlsx/Nigeria -> 204905 行, 6 列
2025-11-19 14:08:16,191 | root | INFO | ✅ MySQL 连接成功
2025-11-19 14:08:16,253 | root | INFO | ✅ 表 `nigeria` 已创建（带自增主键）
2025-11-19 14:08:19,800 | root | INFO | ✅ 同步成功：表 `nigeria` ← 204905 行
2025-11-19 14:08:19,823 | root | INFO |  开始处理文件：~$Nigeria.xlsx
2025-11-19 14:08:19,824 | root | ERROR | ❌ 处理文件失败：~$Nigeria.xlsx - [Errno 13] Permission denied: 'E:\\PycharmProjects\\excel_to_mysql\\data\\~$Nigeria.xlsx'
Traceback (most recent call last):
  File "E:\PycharmProjects\excel_to_mysql\excel_to_mysql.py", line 211, in sync_single_excel_all_sheets
    excel_file = pd.ExcelFile(file_path, engine='openpyxl')
  File "E:\PycharmProjects\excel_to_mysql\.venv\Lib\site-packages\pandas\io\excel\_base.py", line 1567, in __init__
    self._reader = self._engines[engine](
                   ~~~~~~~~~~~~~~~~~~~~~^
        self._io,
        ^^^^^^^^^
        storage_options=storage_options,
        ^^^^^^^^^^^^^^^^^^^^^^^^^^^^^^^^
        engine_kwargs=engine_kwargs,
        ^^^^^^^^^^^^^^^^^^^^^^^^^^^^
    )
    ^
  File "E:\PycharmProjects\excel_to_mysql\.venv\Lib\site-packages\pandas\io\excel\_openpyxl.py", line 553, in __init__
    super().__init__(
    ~~~~~~~~~~~~~~~~^
        filepath_or_buffer,
        ^^^^^^^^^^^^^^^^^^^
        storage_options=storage_options,
        ^^^^^^^^^^^^^^^^^^^^^^^^^^^^^^^^
        engine_kwargs=engine_kwargs,
        ^^^^^^^^^^^^^^^^^^^^^^^^^^^^
    )
    ^
  File "E:\PycharmProjects\excel_to_mysql\.venv\Lib\site-packages\pandas\io\excel\_base.py", line 563, in __init__
    self.handles = get_handle(
                   ~~~~~~~~~~^
        filepath_or_buffer, "rb", storage_options=storage_options, is_text=False
        ^^^^^^^^^^^^^^^^^^^^^^^^^^^^^^^^^^^^^^^^^^^^^^^^^^^^^^^^^^^^^^^^^^^^^^^^
    )
    ^
  File "E:\PycharmProjects\excel_to_mysql\.venv\Lib\site-packages\pandas\io\common.py", line 882, in get_handle
    handle = open(handle, ioargs.mode)
PermissionError: [Errno 13] Permission denied: 'E:\\PycharmProjects\\excel_to_mysql\\data\\~$Nigeria.xlsx'
2025-11-19 14:08:19,826 | root | INFO | ✅ 批量同步完成：共处理 3 个文件，成功同步2 个工作表
2025-11-19 14:20:15,584 | root | INFO | 发现 3个 Excel 文件：['Germany.xlsx', 'Nigeria.xlsx', '~$Nigeria.xlsx']
2025-11-19 14:20:15,584 | root | INFO |  开始处理文件：Germany.xlsx
2025-11-19 14:20:15,774 | root | INFO |  发现 1 个工作表：['Germany']
2025-11-19 14:20:19,020 | root | INFO | 金额列 'Revenue' 已处理 (Germany.xlsx/Germany)
2025-11-19 14:20:19,030 | root | INFO | ✅ Excel 预处理完成: Germany.xlsx/Germany -> 137619 行, 6 列
2025-11-19 14:20:19,063 | root | INFO | ✅ MySQL 连接成功
2025-11-19 14:20:19,130 | root | INFO | ✅ 表 `germany` 已创建（带自增主键）
2025-11-19 14:20:22,014 | root | INFO | ✅ 同步成功：表 `germany` ← 137619 行
2025-11-19 14:20:22,031 | root | INFO |  开始处理文件：Nigeria.xlsx
2025-11-19 14:20:22,043 | root | INFO |  发现 1 个工作表：['Nigeria']
2025-11-19 14:20:28,048 | root | INFO | 金额列 'Revenue' 已处理 (Nigeria.xlsx/Nigeria)
2025-11-19 14:20:28,064 | root | INFO | ✅ Excel 预处理完成: Nigeria.xlsx/Nigeria -> 204905 行, 6 列
2025-11-19 14:20:28,068 | root | INFO | ✅ MySQL 连接成功
2025-11-19 14:20:28,138 | root | INFO | ✅ 表 `nigeria` 已创建（带自增主键）
2025-11-19 14:20:31,852 | root | INFO | ✅ 同步成功：表 `nigeria` ← 204905 行
2025-11-19 14:20:31,885 | root | INFO |  开始处理文件：~$Nigeria.xlsx
2025-11-19 14:20:31,887 | root | ERROR | ❌ 处理文件失败：~$Nigeria.xlsx - [Errno 13] Permission denied: 'E:\\PycharmProjects\\excel_to_mysql\\data\\~$Nigeria.xlsx'
Traceback (most recent call last):
  File "E:\PycharmProjects\excel_to_mysql\excel_to_mysql.py", line 211, in sync_single_excel_all_sheets
    excel_file = pd.ExcelFile(file_path, engine='openpyxl')
  File "E:\PycharmProjects\excel_to_mysql\.venv\Lib\site-packages\pandas\io\excel\_base.py", line 1567, in __init__
    self._reader = self._engines[engine](
                   ~~~~~~~~~~~~~~~~~~~~~^
        self._io,
        ^^^^^^^^^
        storage_options=storage_options,
        ^^^^^^^^^^^^^^^^^^^^^^^^^^^^^^^^
        engine_kwargs=engine_kwargs,
        ^^^^^^^^^^^^^^^^^^^^^^^^^^^^
    )
    ^
  File "E:\PycharmProjects\excel_to_mysql\.venv\Lib\site-packages\pandas\io\excel\_openpyxl.py", line 553, in __init__
    super().__init__(
    ~~~~~~~~~~~~~~~~^
        filepath_or_buffer,
        ^^^^^^^^^^^^^^^^^^^
        storage_options=storage_options,
        ^^^^^^^^^^^^^^^^^^^^^^^^^^^^^^^^
        engine_kwargs=engine_kwargs,
        ^^^^^^^^^^^^^^^^^^^^^^^^^^^^
    )
    ^
  File "E:\PycharmProjects\excel_to_mysql\.venv\Lib\site-packages\pandas\io\excel\_base.py", line 563, in __init__
    self.handles = get_handle(
                   ~~~~~~~~~~^
        filepath_or_buffer, "rb", storage_options=storage_options, is_text=False
        ^^^^^^^^^^^^^^^^^^^^^^^^^^^^^^^^^^^^^^^^^^^^^^^^^^^^^^^^^^^^^^^^^^^^^^^^
    )
    ^
  File "E:\PycharmProjects\excel_to_mysql\.venv\Lib\site-packages\pandas\io\common.py", line 882, in get_handle
    handle = open(handle, ioargs.mode)
PermissionError: [Errno 13] Permission denied: 'E:\\PycharmProjects\\excel_to_mysql\\data\\~$Nigeria.xlsx'
2025-11-19 14:20:31,890 | root | INFO | ✅ 批量同步完成：共处理 3 个文件，成功同步2 个工作表
2025-11-19 14:23:25,804 | root | INFO | 发现 2个 Excel 文件：['Germany.xlsx', 'Nigeria.xlsx']
2025-11-19 14:23:25,804 | root | INFO |  开始处理文件：Germany.xlsx
2025-11-19 14:23:25,982 | root | INFO |  发现 1 个工作表：['Germany']
2025-11-19 14:23:29,218 | root | INFO | 金额列 'Revenue' 已处理 (Germany.xlsx/Germany)
2025-11-19 14:23:29,226 | root | INFO | ✅ Excel 预处理完成: Germany.xlsx/Germany -> 137619 行, 6 列
2025-11-19 14:23:29,234 | root | INFO | ✅ MySQL 连接成功
2025-11-19 14:23:29,259 | root | INFO | ✅ 表 `germany` 已创建（带自增主键）
2025-11-19 14:23:32,326 | root | INFO | ✅ 同步成功：表 `germany` ← 137619 行
2025-11-19 14:23:32,343 | root | INFO |  开始处理文件：Nigeria.xlsx
2025-11-19 14:23:32,351 | root | INFO |  发现 1 个工作表：['Nigeria']
2025-11-19 14:23:37,757 | root | INFO | 金额列 'Revenue' 已处理 (Nigeria.xlsx/Nigeria)
2025-11-19 14:23:37,767 | root | INFO | ✅ Excel 预处理完成: Nigeria.xlsx/Nigeria -> 204905 行, 6 列
2025-11-19 14:23:37,771 | root | INFO | ✅ MySQL 连接成功
2025-11-19 14:23:37,804 | root | INFO | ✅ 表 `nigeria` 已创建（带自增主键）
2025-11-19 14:23:42,646 | root | INFO | ✅ 同步成功：表 `nigeria` ← 204905 行
2025-11-19 14:23:42,676 | root | INFO | ✅ 批量同步完成：共处理 2 个文件，成功同步2 个工作表
2025-11-19 14:25:16,809 | root | INFO | 发现 2个 Excel 文件：['Germany.xlsx', 'Nigeria.xlsx']
2025-11-19 14:25:16,810 | root | INFO |  开始处理文件：Germany.xlsx
2025-11-19 14:25:16,965 | root | INFO |  发现 1 个工作表：['Germany']
2025-11-19 14:25:20,193 | root | INFO | 金额列 'Revenue' 已处理 (Germany.xlsx/Germany)
2025-11-19 14:25:20,201 | root | INFO | ✅ Excel 预处理完成: Germany.xlsx/Germany -> 137619 行, 6 列
2025-11-19 14:25:20,211 | root | INFO | ✅ MySQL 连接成功
2025-11-19 14:25:20,239 | root | INFO | ✅ 表 `germany` 已创建（带自增主键）
2025-11-19 14:25:23,509 | root | INFO | ✅ 同步成功：表 `germany` ← 137619 行
2025-11-19 14:25:23,529 | root | INFO |  开始处理文件：Nigeria.xlsx
2025-11-19 14:25:23,537 | root | INFO |  发现 1 个工作表：['Nigeria']
2025-11-19 14:25:29,373 | root | INFO | 金额列 'Revenue' 已处理 (Nigeria.xlsx/Nigeria)
2025-11-19 14:25:29,384 | root | INFO | ✅ Excel 预处理完成: Nigeria.xlsx/Nigeria -> 204904 行, 6 列
2025-11-19 14:25:29,406 | root | INFO | ✅ MySQL 连接成功
2025-11-19 14:25:29,451 | root | INFO | ✅ 表 `nigeria` 已创建（带自增主键）
2025-11-19 14:25:34,053 | root | INFO | ✅ 同步成功：表 `nigeria` ← 204904 行
2025-11-19 14:25:34,074 | root | INFO | ✅ 批量同步完成：共处理 2 个文件，成功同步2 个工作表
2025-11-20 16:50:46,884 | root | INFO |  发现 3个文件：['Canada.csv', 'Germany.xlsx', 'Nigeria.xlsx']
2025-11-20 16:50:46,884 | root | INFO |  开始处理文件：Canada.csv
2025-11-20 16:50:47,712 | root | INFO | 日期列 'Date' 已转换 (Canada.csv)
2025-11-20 16:50:47,746 | root | INFO | 金额列 'Revenue' 已处理 (Canada.csv)
2025-11-20 16:50:47,798 | root | INFO | ✅ MySQL 连接成功
2025-11-20 16:50:48,227 | root | INFO | ✅ 表 `canada` 已重建 (主键: Key)
2025-11-20 16:51:02,334 | root | INFO | ✅ 同步成功：表 `canada` ← 1048575 行
2025-11-20 16:51:02,400 | root | INFO |  开始处理文件：Germany.xlsx
2025-11-20 16:51:14,662 | root | INFO | 金额列 'Revenue' 已处理 (Germany.xlsx/Germany)
2025-11-20 16:51:14,687 | root | INFO | ✅ MySQL 连接成功
2025-11-20 16:51:14,879 | root | INFO | ✅ 表 `germany` 已重建 (主键: Key)
2025-11-20 16:51:27,412 | root | INFO | ✅ 同步成功：表 `germany` ← 1048575 行
2025-11-20 16:51:27,517 | root | INFO |  开始处理文件：Nigeria.xlsx
2025-11-20 16:51:41,621 | root | INFO | 金额列 'Revenue' 已处理 (Nigeria.xlsx/Nigeria)
2025-11-20 16:51:41,629 | root | INFO | ✅ MySQL 连接成功
2025-11-20 16:51:41,839 | root | INFO | ✅ 表 `nigeria` 已重建 (主键: Key)
2025-11-20 16:51:55,023 | root | INFO | ✅ 同步成功：表 `nigeria` ← 1048574 行
2025-11-20 16:51:55,125 | root | INFO | ✅ 批量同步完成：共处理 3 个文件，成功同步3 个工作表
2025-11-20 17:03:17,530 | root | INFO |  发现 3个文件：['Canada.csv', 'Germany.xlsx', 'Nigeria.xlsx']
2025-11-20 17:03:17,530 | root | INFO |  开始处理文件：Canada.csv
2025-11-20 17:03:18,961 | root | INFO | 日期列 'Date' 已转换 (Canada.csv)
2025-11-20 17:03:19,655 | root | INFO | 金额列 'Revenue' 已处理 (Canada.csv)
2025-11-20 17:03:19,682 | root | INFO | ✅ MySQL 连接成功
2025-11-20 17:03:20,541 | root | INFO | ✅ 表 `canada` 已重建 (主键: Key)
2025-11-20 17:03:33,318 | root | INFO | ✅ 同步成功：表 `canada` ← 1048575 行
2025-11-20 17:03:33,364 | root | INFO |  开始处理文件：Germany.xlsx
2025-11-20 17:03:43,969 | root | INFO | 金额列 'Revenue' 已处理 (Germany.xlsx/Germany)
2025-11-20 17:03:43,986 | root | INFO | ✅ MySQL 连接成功
2025-11-20 17:03:44,192 | root | INFO | ✅ 表 `germany` 已重建 (主键: Key)
2025-11-20 17:03:56,445 | root | INFO | ✅ 同步成功：表 `germany` ← 1048575 行
2025-11-20 17:03:56,545 | root | INFO |  开始处理文件：Nigeria.xlsx
2025-11-20 17:04:08,506 | root | INFO | 金额列 'Revenue' 已处理 (Nigeria.xlsx/Nigeria)
2025-11-20 17:04:08,526 | root | INFO | ✅ MySQL 连接成功
2025-11-20 17:04:08,730 | root | INFO | ✅ 表 `nigeria` 已重建 (主键: Key)
2025-11-20 17:04:21,175 | root | INFO | ✅ 同步成功：表 `nigeria` ← 1048574 行
2025-11-20 17:04:21,283 | root | INFO | ✅ 批量同步完成：共处理 3 个文件，成功同步3 个工作表
2025-11-20 17:05:55,662 | root | INFO |  发现 3个文件：['Canada.csv', 'Germany.xlsx', 'Nigeria.xlsx']
2025-11-20 17:05:55,662 | root | INFO |  开始处理文件：Canada.csv
2025-11-20 17:05:57,091 | root | INFO | 日期列 'Date' 已转换 (Canada.csv)
2025-11-20 17:05:57,779 | root | INFO | 金额列 'Revenue' 已处理 (Canada.csv)
2025-11-20 17:05:57,809 | root | INFO | ✅ MySQL 连接成功
2025-11-20 17:05:58,691 | root | INFO | ✅ 表 `canada` 已重建 (主键: Key)
2025-11-20 17:06:11,837 | root | INFO | ✅ 同步成功：表 `canada` ← 1048575 行
2025-11-20 17:06:11,879 | root | INFO |  开始处理文件：Germany.xlsx
2025-11-20 17:06:22,575 | root | INFO | 金额列 'Revenue' 已处理 (Germany.xlsx/Germany)
2025-11-20 17:06:22,580 | root | INFO | ✅ MySQL 连接成功
2025-11-20 17:06:22,765 | root | INFO | ✅ 表 `germany` 已重建 (主键: Key)
2025-11-20 17:06:34,860 | root | INFO | ✅ 同步成功：表 `germany` ← 1048575 行
2025-11-20 17:06:34,945 | root | INFO |  开始处理文件：Nigeria.xlsx
2025-11-20 17:06:46,432 | root | INFO | 金额列 'Revenue' 已处理 (Nigeria.xlsx/Nigeria)
2025-11-20 17:06:46,447 | root | INFO | ✅ MySQL 连接成功
2025-11-20 17:06:46,621 | root | INFO | ✅ 表 `nigeria` 已重建 (主键: Key)
2025-11-20 17:06:57,908 | root | INFO | ✅ 同步成功：表 `nigeria` ← 1048574 行
2025-11-20 17:06:57,991 | root | INFO | ✅ 批量同步完成：共处理 3 个文件，成功同步3 个工作表
2025-11-20 17:11:41,841 | root | INFO |  发现 3个文件：['Canada.csv', 'Germany.xlsx', 'Nigeria.xlsx']
2025-11-20 17:11:41,841 | root | INFO |  开始处理文件：Canada.csv
2025-11-20 17:11:43,026 | root | INFO | 日期列 'Date' 已转换 (Canada.csv)
2025-11-20 17:11:43,627 | root | INFO | 金额列 'Revenue' 已处理 (Canada.csv)
2025-11-20 17:11:43,674 | root | INFO | ✅ MySQL 连接成功
2025-11-20 17:11:44,373 | root | INFO | ✅ 表 `canada` 已重建 (主键: Key)
2025-11-20 17:11:54,878 | root | INFO | ✅ 同步成功：表 `canada` ← 1048575 行
2025-11-20 17:11:54,917 | root | INFO |  开始处理文件：Germany.xlsx
2025-11-20 17:12:05,493 | root | INFO | 金额列 'Revenue' 已处理 (Germany.xlsx/Germany)
2025-11-20 17:12:05,498 | root | INFO | ✅ MySQL 连接成功
2025-11-20 17:12:05,708 | root | INFO | ✅ 表 `germany` 已重建 (主键: Key)
2025-11-20 17:12:16,405 | root | INFO | ✅ 同步成功：表 `germany` ← 1048575 行
2025-11-20 17:12:16,484 | root | INFO |  开始处理文件：Nigeria.xlsx
2025-11-20 17:12:28,270 | root | INFO | 金额列 'Revenue' 已处理 (Nigeria.xlsx/Nigeria)
2025-11-20 17:12:28,275 | root | INFO | ✅ MySQL 连接成功
2025-11-20 17:12:28,439 | root | INFO | ✅ 表 `nigeria` 已重建 (主键: Key)
2025-11-20 17:12:39,517 | root | INFO | ✅ 同步成功：表 `nigeria` ← 1048574 行
2025-11-20 17:12:39,598 | root | INFO | ✅ 批量同步完成：共处理 3 个文件，成功同步3 个工作表
2025-11-20 17:14:52,164 | root | INFO |  发现 3个文件：['Canada.csv', 'Germany.xlsx', 'Nigeria.xlsx']
2025-11-20 17:14:52,164 | root | INFO |  开始处理文件：Canada.csv
2025-11-20 17:14:53,280 | root | INFO | 日期列 'Date' 已转换 (Canada.csv)
2025-11-20 17:14:53,845 | root | INFO | 金额列 'Revenue' 已处理 (Canada.csv)
2025-11-20 17:14:53,866 | root | INFO | ✅ MySQL 连接成功
2025-11-20 17:14:54,535 | root | INFO | ✅ 表 `canada` 已重建 (主键: Key)
2025-11-20 17:15:05,108 | root | INFO | ✅ 同步成功：表 `canada` ← 1048575 行
2025-11-20 17:15:05,148 | root | INFO |  开始处理文件：Germany.xlsx
2025-11-20 17:15:15,354 | root | INFO | 金额列 'Revenue' 已处理 (Germany.xlsx/Germany)
2025-11-20 17:15:15,379 | root | INFO | ✅ MySQL 连接成功
2025-11-20 17:15:15,556 | root | INFO | ✅ 表 `germany` 已重建 (主键: Key)
2025-11-20 17:15:26,079 | root | INFO | ✅ 同步成功：表 `germany` ← 1048575 行
2025-11-20 17:15:26,153 | root | INFO |  开始处理文件：Nigeria.xlsx
2025-11-20 17:15:37,544 | root | INFO | 金额列 'Revenue' 已处理 (Nigeria.xlsx/Nigeria)
2025-11-20 17:15:37,561 | root | INFO | ✅ MySQL 连接成功
2025-11-20 17:15:37,745 | root | INFO | ✅ 表 `nigeria` 已重建 (主键: Key)
2025-11-20 17:15:48,702 | root | INFO | ✅ 同步成功：表 `nigeria` ← 1048575 行
2025-11-20 17:15:48,782 | root | INFO | ✅ 批量同步完成：共处理 3 个文件，成功同步3 个工作表
2025-11-20 17:16:53,229 | root | INFO |  发现 3个文件：['Canada.csv', 'Germany.xlsx', 'Nigeria.xlsx']
2025-11-20 17:16:53,229 | root | INFO |  开始处理文件：Canada.csv
2025-11-20 17:16:55,074 | root | INFO | 日期列 'Date' 已转换 (Canada.csv)
2025-11-20 17:16:55,662 | root | INFO | 金额列 'Revenue' 已处理 (Canada.csv)
2025-11-20 17:16:55,687 | root | INFO | ✅ MySQL 连接成功
2025-11-20 17:16:56,401 | root | INFO | ✅ 表 `canada` 已重建 (主键: Key)
2025-11-20 17:17:06,696 | root | INFO | ✅ 同步成功：表 `canada` ← 1048575 行
2025-11-20 17:17:06,735 | root | INFO |  开始处理文件：Germany.xlsx
2025-11-20 17:17:17,179 | root | INFO | 金额列 'Revenue' 已处理 (Germany.xlsx/Germany)
2025-11-20 17:17:17,202 | root | INFO | ✅ MySQL 连接成功
2025-11-20 17:17:17,396 | root | INFO | ✅ 表 `germany` 已重建 (主键: Key)
2025-11-20 17:17:27,873 | root | INFO | ✅ 同步成功：表 `germany` ← 1048575 行
2025-11-20 17:17:27,948 | root | INFO |  开始处理文件：Nigeria.xlsx
2025-11-20 17:17:48,961 | root | INFO | 金额列 'Revenue' 已处理 (Nigeria.xlsx/Nigeria)
2025-11-20 17:17:48,981 | root | INFO | ✅ MySQL 连接成功
2025-11-20 17:17:49,294 | root | INFO | ✅ 表 `nigeria` 已重建 (主键: Key)
2025-11-20 17:18:04,787 | root | INFO | ✅ 同步成功：表 `nigeria` ← 1048574 行
2025-11-20 17:18:04,868 | root | INFO | ✅ 批量同步完成：共处理 3 个文件，成功同步3 个工作表
2025-11-20 17:30:58,747 | root | INFO |  发现 3个文件：['Canada.csv', 'Germany.xlsx', 'Nigeria.xlsx']
2025-11-20 17:30:58,747 | root | INFO |  开始处理文件：Canada.csv
2025-11-20 17:30:59,636 | root | INFO | 日期列 'Date' 已转换 (Canada.csv)
2025-11-20 17:30:59,653 | root | INFO | 金额列 'Revenue' 已处理 (Canada.csv)
2025-11-20 17:30:59,684 | root | INFO | ✅ MySQL 连接成功
2025-11-20 17:30:59,754 | root | INFO | ✅ 表 `canada` 已重建 (主键: Key)
2025-11-20 17:31:00,426 | root | INFO | ✅ 同步成功：表 `canada` ← 46104 行
2025-11-20 17:31:00,430 | root | INFO |  开始处理文件：Germany.xlsx
2025-11-20 17:31:10,560 | root | INFO | 金额列 'Revenue' 已处理 (Germany.xlsx/Germany)
2025-11-20 17:31:10,576 | root | INFO | ✅ MySQL 连接成功
2025-11-20 17:31:10,615 | root | INFO | ✅ 表 `germany` 已重建 (主键: Key)
2025-11-20 17:31:12,600 | root | INFO | ✅ 同步成功：表 `germany` ← 137619 行
2025-11-20 17:31:12,623 | root | INFO |  开始处理文件：Nigeria.xlsx
2025-11-20 17:31:24,030 | root | INFO | 金额列 'Revenue' 已处理 (Nigeria.xlsx/Nigeria)
2025-11-20 17:31:24,035 | root | INFO | ✅ MySQL 连接成功
2025-11-20 17:31:24,078 | root | INFO | ✅ 表 `nigeria` 已重建 (主键: Key)
2025-11-20 17:31:27,007 | root | INFO | ✅ 同步成功：表 `nigeria` ← 204904 行
2025-11-20 17:31:27,041 | root | INFO | ✅ 批量同步完成：共处理 3 个文件，成功同步3 个工作表
2025-11-20 17:36:05,911 | root | INFO |  发现 3个文件：['Canada.csv', 'Germany.xlsx', 'Nigeria.xlsx']
2025-11-20 17:36:05,912 | root | INFO |  开始处理文件：Canada.csv
2025-11-20 17:36:06,853 | root | INFO | 日期列 'Date' 已转换 (Canada.csv)
2025-11-20 17:36:06,872 | root | INFO | 金额列 'Revenue' 已处理 (Canada.csv)
2025-11-20 17:36:06,892 | root | INFO | ✅ MySQL 连接成功
2025-11-20 17:36:06,948 | root | INFO | ✅ 表 `canada` 已重建 (主键: Key)
2025-11-20 17:36:07,670 | root | INFO | ✅ 同步成功：表 `canada` ← 46104 行
2025-11-20 17:36:07,673 | root | INFO |  开始处理文件：Germany.xlsx
2025-11-20 17:36:17,979 | root | INFO | 金额列 'Revenue' 已处理 (Germany.xlsx/Germany)
2025-11-20 17:36:18,005 | root | INFO | ✅ MySQL 连接成功
2025-11-20 17:36:18,056 | root | INFO | ✅ 表 `germany` 已重建 (主键: Key)
2025-11-20 17:36:20,007 | root | INFO | ✅ 同步成功：表 `germany` ← 137619 行
2025-11-20 17:36:20,031 | root | INFO |  开始处理文件：Nigeria.xlsx
2025-11-20 17:36:24,698 | root | INFO | 金额列 'Revenue' 已处理 (Nigeria.xlsx/Nigeria)
2025-11-20 17:36:24,719 | root | INFO | ✅ MySQL 连接成功
2025-11-20 17:36:24,771 | root | INFO | ✅ 表 `nigeria` 已重建 (主键: Key)
2025-11-20 17:36:27,695 | root | INFO | ✅ 同步成功：表 `nigeria` ← 204905 行
2025-11-20 17:36:27,717 | root | INFO | ✅ 批量同步完成：共处理 3 个文件，成功同步3 个工作表
2025-11-21 14:19:53,123 | root | INFO |  发现 3个文件：['Canada.csv', 'Germany.xlsx', 'Nigeria.xlsx']
2025-11-21 14:19:53,123 | root | INFO |  开始处理文件：Canada.csv
2025-11-21 14:19:54,245 | root | INFO | 日期列 'Date' 已转换 (Canada.csv)
2025-11-21 14:19:54,266 | root | INFO | 金额列 'Revenue' 已处理 (Canada.csv)
2025-11-21 14:19:54,310 | root | INFO | ✅ MySQL 连接成功
2025-11-21 14:19:54,376 | root | INFO | ✅ 表 `canada` 已重建 (主键: Key)
2025-11-21 14:19:54,604 | root | ERROR | ❌ 同步失败：`canada` - (1264, "Out of range value for column 'Revenue' at row 371")
Traceback (most recent call last):
  File "E:\PycharmProjects\excel_to_mysql\excel_to_mysql.py", line 232, in sync_dataframe_to_table
    cursor.executemany(sql, data)
    ~~~~~~~~~~~~~~~~~~^^^^^^^^^^^
  File "E:\PycharmProjects\excel_to_mysql\.venv\Lib\site-packages\pymysql\cursors.py", line 182, in executemany
    return self._do_execute_many(
           ~~~~~~~~~~~~~~~~~~~~~^
        q_prefix,
        ^^^^^^^^^
    ...<4 lines>...
        self._get_db().encoding,
        ^^^^^^^^^^^^^^^^^^^^^^^^
    )
    ^
  File "E:\PycharmProjects\excel_to_mysql\.venv\Lib\site-packages\pymysql\cursors.py", line 215, in _do_execute_many
    rows += self.execute(sql + postfix)
            ~~~~~~~~~~~~^^^^^^^^^^^^^^^
  File "E:\PycharmProjects\excel_to_mysql\.venv\Lib\site-packages\pymysql\cursors.py", line 153, in execute
    result = self._query(query)
  File "E:\PycharmProjects\excel_to_mysql\.venv\Lib\site-packages\pymysql\cursors.py", line 322, in _query
    conn.query(q)
    ~~~~~~~~~~^^^
  File "E:\PycharmProjects\excel_to_mysql\.venv\Lib\site-packages\pymysql\connections.py", line 575, in query
    self._affected_rows = self._read_query_result(unbuffered=unbuffered)
                          ~~~~~~~~~~~~~~~~~~~~~~~^^^^^^^^^^^^^^^^^^^^^^^
  File "E:\PycharmProjects\excel_to_mysql\.venv\Lib\site-packages\pymysql\connections.py", line 826, in _read_query_result
    result.read()
    ~~~~~~~~~~~^^
  File "E:\PycharmProjects\excel_to_mysql\.venv\Lib\site-packages\pymysql\connections.py", line 1203, in read
    first_packet = self.connection._read_packet()
  File "E:\PycharmProjects\excel_to_mysql\.venv\Lib\site-packages\pymysql\connections.py", line 782, in _read_packet
    packet.raise_for_error()
    ~~~~~~~~~~~~~~~~~~~~~~^^
  File "E:\PycharmProjects\excel_to_mysql\.venv\Lib\site-packages\pymysql\protocol.py", line 219, in raise_for_error
    err.raise_mysql_exception(self._data)
    ~~~~~~~~~~~~~~~~~~~~~~~~~^^^^^^^^^^^^
  File "E:\PycharmProjects\excel_to_mysql\.venv\Lib\site-packages\pymysql\err.py", line 150, in raise_mysql_exception
    raise errorclass(errno, errval)
pymysql.err.DataError: (1264, "Out of range value for column 'Revenue' at row 371")
2025-11-21 14:19:54,654 | root | INFO |  开始处理文件：Germany.xlsx
2025-11-21 14:20:06,901 | root | INFO | 金额列 'Revenue' 已处理 (Germany.xlsx/Germany)
2025-11-21 14:20:06,954 | root | INFO | ✅ MySQL 连接成功
2025-11-21 14:20:06,993 | root | INFO | ✅ 表 `germany` 已重建 (主键: Key)
2025-11-21 14:20:07,442 | root | ERROR | ❌ 同步失败：`germany` - (1264, "Out of range value for column 'Revenue' at row 1312")
Traceback (most recent call last):
  File "E:\PycharmProjects\excel_to_mysql\excel_to_mysql.py", line 232, in sync_dataframe_to_table
    cursor.executemany(sql, data)
    ~~~~~~~~~~~~~~~~~~^^^^^^^^^^^
  File "E:\PycharmProjects\excel_to_mysql\.venv\Lib\site-packages\pymysql\cursors.py", line 182, in executemany
    return self._do_execute_many(
           ~~~~~~~~~~~~~~~~~~~~~^
        q_prefix,
        ^^^^^^^^^
    ...<4 lines>...
        self._get_db().encoding,
        ^^^^^^^^^^^^^^^^^^^^^^^^
    )
    ^
  File "E:\PycharmProjects\excel_to_mysql\.venv\Lib\site-packages\pymysql\cursors.py", line 215, in _do_execute_many
    rows += self.execute(sql + postfix)
            ~~~~~~~~~~~~^^^^^^^^^^^^^^^
  File "E:\PycharmProjects\excel_to_mysql\.venv\Lib\site-packages\pymysql\cursors.py", line 153, in execute
    result = self._query(query)
  File "E:\PycharmProjects\excel_to_mysql\.venv\Lib\site-packages\pymysql\cursors.py", line 322, in _query
    conn.query(q)
    ~~~~~~~~~~^^^
  File "E:\PycharmProjects\excel_to_mysql\.venv\Lib\site-packages\pymysql\connections.py", line 575, in query
    self._affected_rows = self._read_query_result(unbuffered=unbuffered)
                          ~~~~~~~~~~~~~~~~~~~~~~~^^^^^^^^^^^^^^^^^^^^^^^
  File "E:\PycharmProjects\excel_to_mysql\.venv\Lib\site-packages\pymysql\connections.py", line 826, in _read_query_result
    result.read()
    ~~~~~~~~~~~^^
  File "E:\PycharmProjects\excel_to_mysql\.venv\Lib\site-packages\pymysql\connections.py", line 1203, in read
    first_packet = self.connection._read_packet()
  File "E:\PycharmProjects\excel_to_mysql\.venv\Lib\site-packages\pymysql\connections.py", line 782, in _read_packet
    packet.raise_for_error()
    ~~~~~~~~~~~~~~~~~~~~~~^^
  File "E:\PycharmProjects\excel_to_mysql\.venv\Lib\site-packages\pymysql\protocol.py", line 219, in raise_for_error
    err.raise_mysql_exception(self._data)
    ~~~~~~~~~~~~~~~~~~~~~~~~~^^^^^^^^^^^^
  File "E:\PycharmProjects\excel_to_mysql\.venv\Lib\site-packages\pymysql\err.py", line 150, in raise_mysql_exception
    raise errorclass(errno, errval)
pymysql.err.DataError: (1264, "Out of range value for column 'Revenue' at row 1312")
2025-11-21 14:20:07,462 | root | INFO |  开始处理文件：Nigeria.xlsx
2025-11-21 14:20:12,868 | root | INFO | 金额列 'Revenue' 已处理 (Nigeria.xlsx/Nigeria)
2025-11-21 14:20:12,922 | root | INFO | ✅ MySQL 连接成功
2025-11-21 14:20:12,969 | root | INFO | ✅ 表 `nigeria` 已重建 (主键: Key)
2025-11-21 14:20:13,556 | root | ERROR | ❌ 同步失败：`nigeria` - (1264, "Out of range value for column 'Revenue' at row 322")
Traceback (most recent call last):
  File "E:\PycharmProjects\excel_to_mysql\excel_to_mysql.py", line 232, in sync_dataframe_to_table
    cursor.executemany(sql, data)
    ~~~~~~~~~~~~~~~~~~^^^^^^^^^^^
  File "E:\PycharmProjects\excel_to_mysql\.venv\Lib\site-packages\pymysql\cursors.py", line 182, in executemany
    return self._do_execute_many(
           ~~~~~~~~~~~~~~~~~~~~~^
        q_prefix,
        ^^^^^^^^^
    ...<4 lines>...
        self._get_db().encoding,
        ^^^^^^^^^^^^^^^^^^^^^^^^
    )
    ^
  File "E:\PycharmProjects\excel_to_mysql\.venv\Lib\site-packages\pymysql\cursors.py", line 215, in _do_execute_many
    rows += self.execute(sql + postfix)
            ~~~~~~~~~~~~^^^^^^^^^^^^^^^
  File "E:\PycharmProjects\excel_to_mysql\.venv\Lib\site-packages\pymysql\cursors.py", line 153, in execute
    result = self._query(query)
  File "E:\PycharmProjects\excel_to_mysql\.venv\Lib\site-packages\pymysql\cursors.py", line 322, in _query
    conn.query(q)
    ~~~~~~~~~~^^^
  File "E:\PycharmProjects\excel_to_mysql\.venv\Lib\site-packages\pymysql\connections.py", line 575, in query
    self._affected_rows = self._read_query_result(unbuffered=unbuffered)
                          ~~~~~~~~~~~~~~~~~~~~~~~^^^^^^^^^^^^^^^^^^^^^^^
  File "E:\PycharmProjects\excel_to_mysql\.venv\Lib\site-packages\pymysql\connections.py", line 826, in _read_query_result
    result.read()
    ~~~~~~~~~~~^^
  File "E:\PycharmProjects\excel_to_mysql\.venv\Lib\site-packages\pymysql\connections.py", line 1203, in read
    first_packet = self.connection._read_packet()
  File "E:\PycharmProjects\excel_to_mysql\.venv\Lib\site-packages\pymysql\connections.py", line 782, in _read_packet
    packet.raise_for_error()
    ~~~~~~~~~~~~~~~~~~~~~~^^
  File "E:\PycharmProjects\excel_to_mysql\.venv\Lib\site-packages\pymysql\protocol.py", line 219, in raise_for_error
    err.raise_mysql_exception(self._data)
    ~~~~~~~~~~~~~~~~~~~~~~~~~^^^^^^^^^^^^
  File "E:\PycharmProjects\excel_to_mysql\.venv\Lib\site-packages\pymysql\err.py", line 150, in raise_mysql_exception
    raise errorclass(errno, errval)
pymysql.err.DataError: (1264, "Out of range value for column 'Revenue' at row 322")
2025-11-21 14:20:13,579 | root | INFO | ✅ 批量同步完成：共处理 3 个文件，成功同步0 个工作表
2025-11-21 14:24:38,787 | root | INFO |  发现 3个文件：['Canada.csv', 'Germany.xlsx', 'Nigeria.xlsx']
2025-11-21 14:24:38,787 | root | INFO |  开始处理文件：Canada.csv
2025-11-21 14:24:39,923 | root | INFO | 日期列 'Date' 已转换 (Canada.csv)
2025-11-21 14:24:39,950 | root | INFO | 金额列 'Revenue' 已处理 (Canada.csv)
2025-11-21 14:24:39,976 | root | INFO | ✅ MySQL 连接成功
2025-11-21 14:24:40,029 | root | INFO | ✅ 表 `canada` 已重建 (主键: Key)
2025-11-21 14:24:40,968 | root | INFO | ✅ 同步成功：表 `canada` ← 46104 行
2025-11-21 14:24:40,976 | root | INFO |  开始处理文件：Germany.xlsx
2025-11-21 14:24:52,862 | root | INFO | 金额列 'Revenue' 已处理 (Germany.xlsx/Germany)
2025-11-21 14:24:52,915 | root | INFO | ✅ MySQL 连接成功
2025-11-21 14:24:52,955 | root | INFO | ✅ 表 `germany` 已重建 (主键: Key)
2025-11-21 14:24:55,075 | root | INFO | ✅ 同步成功：表 `germany` ← 137619 行
2025-11-21 14:24:55,095 | root | INFO |  开始处理文件：Nigeria.xlsx
2025-11-21 14:25:00,175 | root | INFO | 金额列 'Revenue' 已处理 (Nigeria.xlsx/Nigeria)
2025-11-21 14:25:00,223 | root | INFO | ✅ MySQL 连接成功
2025-11-21 14:25:00,270 | root | INFO | ✅ 表 `nigeria` 已重建 (主键: Key)
2025-11-21 14:25:03,355 | root | INFO | ✅ 同步成功：表 `nigeria` ← 204905 行
2025-11-21 14:25:03,377 | root | INFO | ✅ 批量同步完成：共处理 3 个文件，成功同步3 个工作表
2025-11-21 14:26:58,126 | root | INFO |  发现 3个文件：['Canada.csv', 'Germany.xlsx', 'Nigeria.xlsx']
2025-11-21 14:26:58,126 | root | INFO |  开始处理文件：Canada.csv
2025-11-21 14:26:59,166 | root | INFO | 日期列 'Date' 已转换 (Canada.csv)
2025-11-21 14:26:59,187 | root | INFO | 金额列 'Revenue' 已处理 (Canada.csv)
2025-11-21 14:26:59,209 | root | INFO | ✅ MySQL 连接成功
2025-11-21 14:26:59,255 | root | INFO | ✅ 表 `canada` 已重建 (主键: Key)
2025-11-21 14:27:00,129 | root | INFO | ✅ 同步成功：表 `canada` ← 46104 行
2025-11-21 14:27:00,137 | root | INFO |  开始处理文件：Germany.xlsx
2025-11-21 14:27:11,686 | root | INFO | 金额列 'Revenue' 已处理 (Germany.xlsx/Germany)
2025-11-21 14:27:11,739 | root | INFO | ✅ MySQL 连接成功
2025-11-21 14:27:11,779 | root | INFO | ✅ 表 `germany` 已重建 (主键: Key)
2025-11-21 14:27:13,915 | root | INFO | ✅ 同步成功：表 `germany` ← 137619 行
2025-11-21 14:27:13,936 | root | INFO |  开始处理文件：Nigeria.xlsx
2025-11-21 14:27:19,109 | root | INFO | 金额列 'Revenue' 已处理 (Nigeria.xlsx/Nigeria)
2025-11-21 14:27:19,181 | root | INFO | ✅ MySQL 连接成功
2025-11-21 14:27:19,230 | root | INFO | ✅ 表 `nigeria` 已重建 (主键: Key)
2025-11-21 14:27:22,327 | root | INFO | ✅ 同步成功：表 `nigeria` ← 204905 行
2025-11-21 14:27:22,348 | root | INFO | ✅ 批量同步完成：共处理 3 个文件，成功同步3 个工作表
2025-11-21 14:44:16,509 | root | INFO |  发现 3个文件：['Canada.csv', 'Germany.xlsx', 'Nigeria.xlsx']
2025-11-21 14:44:16,509 | root | INFO |  开始处理文件：Canada.csv
2025-11-21 14:44:16,595 | root | INFO | 日期列 'Date' 已转换 (Canada.csv)
2025-11-21 14:44:16,618 | root | INFO | 金额列 'Revenue' 已处理 (Canada.csv)
2025-11-21 14:44:16,639 | root | INFO | ✅ MySQL 连接成功
2025-11-21 14:44:16,708 | root | INFO | ✅ 表 `canada` 已重建 (主键: Key)
2025-11-21 14:44:17,537 | root | INFO | ✅ 同步成功：表 `canada` ← 46105 行
2025-11-21 14:44:17,541 | root | INFO |  开始处理文件：Germany.xlsx
2025-11-21 14:44:29,329 | root | INFO | 金额列 'Revenue' 已处理 (Germany.xlsx/Germany)
2025-11-21 14:44:29,388 | root | INFO | ✅ MySQL 连接成功
2025-11-21 14:44:29,443 | root | INFO | ✅ 表 `germany` 已重建 (主键: Key)
2025-11-21 14:44:31,523 | root | INFO | ✅ 同步成功：表 `germany` ← 137619 行
2025-11-21 14:44:31,542 | root | INFO |  开始处理文件：Nigeria.xlsx
2025-11-21 14:44:36,567 | root | INFO | 金额列 'Revenue' 已处理 (Nigeria.xlsx/Nigeria)
2025-11-21 14:44:36,627 | root | INFO | ✅ MySQL 连接成功
2025-11-21 14:44:36,691 | root | INFO | ✅ 表 `nigeria` 已重建 (主键: Key)
2025-11-21 14:44:39,729 | root | INFO | ✅ 同步成功：表 `nigeria` ← 204906 行
2025-11-21 14:44:39,752 | root | INFO | ✅ 批量同步完成：共处理 3 个文件，成功同步3 个工作表
2025-11-21 14:46:49,967 | root | INFO |  发现 3个文件：['Canada.csv', 'Germany.xlsx', 'Nigeria.xlsx']
2025-11-21 14:46:49,967 | root | INFO |  开始处理文件：Canada.csv
2025-11-21 14:46:50,054 | root | INFO | 日期列 'Date' 已转换 (Canada.csv)
2025-11-21 14:46:50,076 | root | INFO | 金额列 'Revenue' 已处理 (Canada.csv)
2025-11-21 14:46:50,100 | root | INFO | ✅ MySQL 连接成功
2025-11-21 14:46:50,159 | root | INFO | ✅ 表 `canada` 已重建 (主键: Key)
2025-11-21 14:46:50,996 | root | INFO | ✅ 同步成功：表 `canada` ← 46102 行
2025-11-21 14:46:51,001 | root | INFO |  开始处理文件：Germany.xlsx
2025-11-21 14:47:03,909 | root | INFO | 金额列 'Revenue' 已处理 (Germany.xlsx/Germany)
2025-11-21 14:47:03,970 | root | INFO | ✅ MySQL 连接成功
2025-11-21 14:47:04,016 | root | INFO | ✅ 表 `germany` 已重建 (主键: Key)
2025-11-21 14:47:06,210 | root | INFO | ✅ 同步成功：表 `germany` ← 137619 行
2025-11-21 14:47:06,228 | root | INFO |  开始处理文件：Nigeria.xlsx
2025-11-21 14:47:11,619 | root | INFO | 金额列 'Revenue' 已处理 (Nigeria.xlsx/Nigeria)
2025-11-21 14:47:11,681 | root | INFO | ✅ MySQL 连接成功
2025-11-21 14:47:11,745 | root | INFO | ✅ 表 `nigeria` 已重建 (主键: Key)
2025-11-21 14:47:14,932 | root | INFO | ✅ 同步成功：表 `nigeria` ← 204905 行
2025-11-21 14:47:14,957 | root | INFO | ✅ 批量同步完成：共处理 3 个文件，成功同步3 个工作表
2025-11-21 15:11:14,281 | root | INFO |  发现 3个文件：['Canada.csv', 'Germany.xlsx', 'Nigeria.xlsx']
2025-11-21 15:11:14,281 | root | INFO |  开始处理文件：Canada.csv
2025-11-21 15:11:14,405 | root | INFO | 日期列 'Date' 已转换 (Canada.csv)
2025-11-21 15:11:14,427 | root | INFO | 金额列 'Revenue' 已处理 (Canada.csv)
2025-11-21 15:11:14,475 | root | INFO | ✅ MySQL 连接成功
2025-11-21 15:11:14,527 | root | INFO | ✅ 表 `canada` 已重建 (主键: Key)
2025-11-21 15:11:15,512 | root | INFO | ✅ 同步成功：表 `canada` ← 46102 行
2025-11-21 15:11:15,517 | root | INFO |  开始处理文件：Germany.xlsx
2025-11-21 15:11:28,026 | root | INFO | 金额列 'Revenue' 已处理 (Germany.xlsx/Germany)
2025-11-21 15:11:28,063 | root | INFO | ✅ MySQL 连接成功
2025-11-21 15:11:28,098 | root | INFO | ✅ 表 `germany` 已重建 (主键: Key)
2025-11-21 15:11:30,403 | root | INFO | ✅ 同步成功：表 `germany` ← 137619 行
2025-11-21 15:11:30,425 | root | INFO |  开始处理文件：Nigeria.xlsx
2025-11-21 15:11:36,055 | root | INFO | 金额列 'Revenue' 已处理 (Nigeria.xlsx/Nigeria)
2025-11-21 15:11:36,110 | root | INFO | ✅ MySQL 连接成功
2025-11-21 15:11:36,170 | root | INFO | ✅ 表 `nigeria` 已重建 (主键: Key)
2025-11-21 15:11:39,521 | root | INFO | ✅ 同步成功：表 `nigeria` ← 204905 行
2025-11-21 15:11:39,542 | root | INFO | ✅ 批量同步完成：共处理 3 个文件，成功同步3 个工作表
2025-11-21 15:21:24,393 | root | INFO |  发现 4个文件：['2025年销售明细1121.xlsx', 'Canada.csv', 'Germany.xlsx', 'Nigeria.xlsx']
2025-11-21 15:21:24,393 | root | INFO |  开始处理文件：2025年销售明细1121.xlsx
2025-11-21 15:21:24,685 | root | INFO | 日期列 '日期' 已转换 (2025年销售明细1121.xlsx/Sheet1)
2025-11-21 15:21:24,722 | root | INFO | ✅ MySQL 连接成功
2025-11-21 15:21:24,759 | root | INFO | ✅ 表 `table_2025_1121` 已重建 (主键: Key)
2025-11-21 15:21:24,816 | root | ERROR | ❌ 同步失败：`table_2025_1121` - (1264, "Out of range value for column '价税合计' at row 38")
Traceback (most recent call last):
  File "E:\PycharmProjects\excel_to_mysql\excel_to_mysql.py", line 232, in sync_dataframe_to_table
    cursor.executemany(sql, data)
    ~~~~~~~~~~~~~~~~~~^^^^^^^^^^^
  File "E:\PycharmProjects\excel_to_mysql\.venv\Lib\site-packages\pymysql\cursors.py", line 182, in executemany
    return self._do_execute_many(
           ~~~~~~~~~~~~~~~~~~~~~^
        q_prefix,
        ^^^^^^^^^
    ...<4 lines>...
        self._get_db().encoding,
        ^^^^^^^^^^^^^^^^^^^^^^^^
    )
    ^
  File "E:\PycharmProjects\excel_to_mysql\.venv\Lib\site-packages\pymysql\cursors.py", line 220, in _do_execute_many
    rows += self.execute(sql + postfix)
            ~~~~~~~~~~~~^^^^^^^^^^^^^^^
  File "E:\PycharmProjects\excel_to_mysql\.venv\Lib\site-packages\pymysql\cursors.py", line 153, in execute
    result = self._query(query)
  File "E:\PycharmProjects\excel_to_mysql\.venv\Lib\site-packages\pymysql\cursors.py", line 322, in _query
    conn.query(q)
    ~~~~~~~~~~^^^
  File "E:\PycharmProjects\excel_to_mysql\.venv\Lib\site-packages\pymysql\connections.py", line 575, in query
    self._affected_rows = self._read_query_result(unbuffered=unbuffered)
                          ~~~~~~~~~~~~~~~~~~~~~~~^^^^^^^^^^^^^^^^^^^^^^^
  File "E:\PycharmProjects\excel_to_mysql\.venv\Lib\site-packages\pymysql\connections.py", line 826, in _read_query_result
    result.read()
    ~~~~~~~~~~~^^
  File "E:\PycharmProjects\excel_to_mysql\.venv\Lib\site-packages\pymysql\connections.py", line 1203, in read
    first_packet = self.connection._read_packet()
  File "E:\PycharmProjects\excel_to_mysql\.venv\Lib\site-packages\pymysql\connections.py", line 782, in _read_packet
    packet.raise_for_error()
    ~~~~~~~~~~~~~~~~~~~~~~^^
  File "E:\PycharmProjects\excel_to_mysql\.venv\Lib\site-packages\pymysql\protocol.py", line 219, in raise_for_error
    err.raise_mysql_exception(self._data)
    ~~~~~~~~~~~~~~~~~~~~~~~~~^^^^^^^^^^^^
  File "E:\PycharmProjects\excel_to_mysql\.venv\Lib\site-packages\pymysql\err.py", line 150, in raise_mysql_exception
    raise errorclass(errno, errval)
pymysql.err.DataError: (1264, "Out of range value for column '价税合计' at row 38")
2025-11-21 15:21:24,919 | root | INFO |  开始处理文件：Canada.csv
2025-11-21 15:21:25,006 | root | INFO | 日期列 'Date' 已转换 (Canada.csv)
2025-11-21 15:21:25,031 | root | INFO | 金额列 'Revenue' 已处理 (Canada.csv)
2025-11-21 15:21:25,048 | root | INFO | ✅ MySQL 连接成功
2025-11-21 15:21:25,117 | root | INFO | ✅ 表 `canada` 已重建 (主键: Key)
2025-11-21 15:21:26,082 | root | INFO | ✅ 同步成功：表 `canada` ← 46102 行
2025-11-21 15:21:26,092 | root | INFO |  开始处理文件：Germany.xlsx
2025-11-21 15:21:39,671 | root | INFO | 金额列 'Revenue' 已处理 (Germany.xlsx/Germany)
2025-11-21 15:21:39,726 | root | INFO | ✅ MySQL 连接成功
2025-11-21 15:21:39,781 | root | INFO | ✅ 表 `germany` 已重建 (主键: Key)
2025-11-21 15:21:42,087 | root | INFO | ✅ 同步成功：表 `germany` ← 137619 行
2025-11-21 15:21:42,110 | root | INFO |  开始处理文件：Nigeria.xlsx
2025-11-21 15:21:47,314 | root | INFO | 金额列 'Revenue' 已处理 (Nigeria.xlsx/Nigeria)
2025-11-21 15:21:47,380 | root | INFO | ✅ MySQL 连接成功
2025-11-21 15:21:47,437 | root | INFO | ✅ 表 `nigeria` 已重建 (主键: Key)
2025-11-21 15:21:50,757 | root | INFO | ✅ 同步成功：表 `nigeria` ← 204905 行
2025-11-21 15:21:50,781 | root | INFO | ✅ 批量同步完成：共处理 4 个文件，成功同步3 个工作表
2025-11-21 15:23:19,586 | root | INFO |  发现 4个文件：['2025年销售明细1121.xlsx', 'Canada.csv', 'Germany.xlsx', 'Nigeria.xlsx']
2025-11-21 15:23:19,586 | root | INFO |  开始处理文件：2025年销售明细1121.xlsx
2025-11-21 15:23:19,864 | root | INFO | 日期列 '日期' 已转换 (2025年销售明细1121.xlsx/Sheet1)
2025-11-21 15:23:19,885 | root | INFO | ✅ MySQL 连接成功
2025-11-21 15:23:19,944 | root | INFO | ✅ 表 `table_2025_1121` 已重建 (主键: Key)
2025-11-21 15:23:20,051 | root | INFO | ✅ 同步成功：表 `table_2025_1121` ← 1658 行
2025-11-21 15:23:20,052 | root | INFO |  开始处理文件：Canada.csv
2025-11-21 15:23:20,147 | root | INFO | 日期列 'Date' 已转换 (Canada.csv)
2025-11-21 15:23:20,180 | root | INFO | 金额列 'Revenue' 已处理 (Canada.csv)
2025-11-21 15:23:20,197 | root | INFO | ✅ MySQL 连接成功
2025-11-21 15:23:20,258 | root | INFO | ✅ 表 `canada` 已重建 (主键: Key)
2025-11-21 15:23:21,188 | root | INFO | ✅ 同步成功：表 `canada` ← 46102 行
2025-11-21 15:23:21,194 | root | INFO |  开始处理文件：Germany.xlsx
2025-11-21 15:23:33,579 | root | INFO | 金额列 'Revenue' 已处理 (Germany.xlsx/Germany)
2025-11-21 15:23:33,634 | root | INFO | ✅ MySQL 连接成功
2025-11-21 15:23:33,685 | root | INFO | ✅ 表 `germany` 已重建 (主键: Key)
2025-11-21 15:23:35,936 | root | INFO | ✅ 同步成功：表 `germany` ← 137619 行
2025-11-21 15:23:35,965 | root | INFO |  开始处理文件：Nigeria.xlsx
2025-11-21 15:23:41,257 | root | INFO | 金额列 'Revenue' 已处理 (Nigeria.xlsx/Nigeria)
2025-11-21 15:23:41,323 | root | INFO | ✅ MySQL 连接成功
2025-11-21 15:23:41,386 | root | INFO | ✅ 表 `nigeria` 已重建 (主键: Key)
2025-11-21 15:23:44,822 | root | INFO | ✅ 同步成功：表 `nigeria` ← 204905 行
2025-11-21 15:23:44,848 | root | INFO | ✅ 批量同步完成：共处理 4 个文件，成功同步4 个工作表
2025-11-24 17:00:32,521 | root | INFO | 开始多目录同步任务...
2025-11-24 17:00:32,522 | root | INFO |  处理目录: data → 数据库: kayson_db (1) 个文件）
2025-11-24 17:00:32,522 | root | INFO |  开始处理文件：2025年销售明细1121.xlsx → 数据库: kayson_db
2025-11-24 17:00:32,935 | root | INFO | 日期列 '日期' 已转换 (2025年销售明细1121.xlsx/Sheet1)
2025-11-24 17:00:32,942 | root | ERROR | ❌ 处理文件失败：2025年销售明细1121.xlsx - connect_mysql() missing 1 required positional argument: 'database'
Traceback (most recent call last):
  File "E:\PycharmProjects\excel_to_mysql\excel_to_mysql.py", line 280, in sync_single_file_all_sheets
    if sync_dataframe_to_table(df, final_name, target_database):
       ~~~~~~~~~~~~~~~~~~~~~~~^^^^^^^^^^^^^^^^^^^^^^^^^^^^^^^^^
  File "E:\PycharmProjects\excel_to_mysql\excel_to_mysql.py", line 197, in sync_dataframe_to_table
    conn = connect_mysql()
TypeError: connect_mysql() missing 1 required positional argument: 'database'
2025-11-24 17:00:32,944 | root | INFO |  目录 data 完成：同步 0 张表
2025-11-24 17:00:32,945 | root | INFO |  处理目录: data1 → 数据库: kayson_db1 (1) 个文件）
2025-11-24 17:00:32,945 | root | INFO |  开始处理文件：Nigeria.xlsx → 数据库: kayson_db1
2025-11-24 17:00:39,594 | root | INFO | 金额列 'Revenue' 已处理 (Nigeria.xlsx/Nigeria)
2025-11-24 17:00:39,666 | root | ERROR | ❌ 处理文件失败：Nigeria.xlsx - connect_mysql() missing 1 required positional argument: 'database'
Traceback (most recent call last):
  File "E:\PycharmProjects\excel_to_mysql\excel_to_mysql.py", line 280, in sync_single_file_all_sheets
    if sync_dataframe_to_table(df, final_name, target_database):
       ~~~~~~~~~~~~~~~~~~~~~~~^^^^^^^^^^^^^^^^^^^^^^^^^^^^^^^^^
  File "E:\PycharmProjects\excel_to_mysql\excel_to_mysql.py", line 197, in sync_dataframe_to_table
    conn = connect_mysql()
TypeError: connect_mysql() missing 1 required positional argument: 'database'
2025-11-24 17:00:39,668 | root | INFO |  目录 data1 完成：同步 0 张表
2025-11-24 17:00:39,668 | root | INFO |  处理目录: data2 → 数据库: kayson_db2 (1) 个文件）
2025-11-24 17:00:39,668 | root | INFO |  开始处理文件：Germany.xlsx → 数据库: kayson_db2
2025-11-24 17:00:53,432 | root | INFO | 金额列 'Revenue' 已处理 (Germany.xlsx/Germany)
2025-11-24 17:00:53,473 | root | ERROR | ❌ 处理文件失败：Germany.xlsx - connect_mysql() missing 1 required positional argument: 'database'
Traceback (most recent call last):
  File "E:\PycharmProjects\excel_to_mysql\excel_to_mysql.py", line 280, in sync_single_file_all_sheets
    if sync_dataframe_to_table(df, final_name, target_database):
       ~~~~~~~~~~~~~~~~~~~~~~~^^^^^^^^^^^^^^^^^^^^^^^^^^^^^^^^^
  File "E:\PycharmProjects\excel_to_mysql\excel_to_mysql.py", line 197, in sync_dataframe_to_table
    conn = connect_mysql()
TypeError: connect_mysql() missing 1 required positional argument: 'database'
2025-11-24 17:00:53,474 | root | INFO |  目录 data2 完成：同步 0 张表
2025-11-24 17:00:53,475 | root | INFO |  目录 data3 下无待处理文件
2025-11-24 17:00:53,475 | root | INFO |  目录 data4 下无待处理文件
2025-11-24 17:00:53,475 | root | INFO |  目录 data5 下无待处理文件
2025-11-24 17:00:53,475 | root | INFO |  目录 data6 下无待处理文件
2025-11-24 17:00:53,475 | root | INFO |  处理目录: data7 → 数据库: kayson_db7 (1) 个文件）
2025-11-24 17:00:53,475 | root | INFO |  开始处理文件：Canada.csv → 数据库: kayson_db7
2025-11-24 17:00:53,543 | root | INFO | 日期列 'Date' 已转换 (Canada.csv)
2025-11-24 17:00:53,568 | root | INFO | 金额列 'Revenue' 已处理 (Canada.csv)
2025-11-24 17:00:53,570 | root | ERROR | ❌ 处理文件失败：Canada.csv - connect_mysql() missing 1 required positional argument: 'database'
Traceback (most recent call last):
  File "E:\PycharmProjects\excel_to_mysql\excel_to_mysql.py", line 287, in sync_single_file_all_sheets
    if sync_dataframe_to_table(df, base_table_name, target_database):
       ~~~~~~~~~~~~~~~~~~~~~~~^^^^^^^^^^^^^^^^^^^^^^^^^^^^^^^^^^^^^^
  File "E:\PycharmProjects\excel_to_mysql\excel_to_mysql.py", line 197, in sync_dataframe_to_table
    conn = connect_mysql()
TypeError: connect_mysql() missing 1 required positional argument: 'database'
2025-11-24 17:00:53,570 | root | INFO |  目录 data7 完成：同步 0 张表
2025-11-24 17:00:53,571 | root | INFO |  全部完成！共处理 4 个文件，同步 0 张表到对应数据库
2025-11-24 17:16:54,006 | root | INFO | 开始多目录同步任务...
2025-11-24 17:16:54,006 | root | INFO |  处理目录: data → 数据库: kayson_db (1) 个文件）
2025-11-24 17:16:54,006 | root | INFO |  开始处理文件：2025年销售明细1121.xlsx → 数据库: kayson_db
2025-11-24 17:16:54,301 | root | INFO | 日期列 '日期' 已转换 (2025年销售明细1121.xlsx/Sheet1)
2025-11-24 17:16:54,348 | root | INFO | ✅ MySQL 连接数据库 {database} 成功
2025-11-24 17:16:54,380 | root | INFO | ✅ 表 `table_2025_1121_sheet1` 已重建 (主键: Key)
2025-11-24 17:16:54,499 | root | INFO | ✅ 同步成功：表 `table_2025_1121_sheet1` ← 1658 行
2025-11-24 17:16:54,500 | root | INFO |  目录 data 完成：同步 1 张表
2025-11-24 17:16:54,500 | root | INFO |  处理目录: data1 → 数据库: kayson_db1 (1) 个文件）
2025-11-24 17:16:54,500 | root | INFO |  开始处理文件：Nigeria.xlsx → 数据库: kayson_db1
2025-11-24 17:17:00,451 | root | INFO | 金额列 'Revenue' 已处理 (Nigeria.xlsx/Nigeria)
2025-11-24 17:17:00,519 | root | INFO | ✅ MySQL 连接数据库 {database} 成功
2025-11-24 17:17:00,564 | root | INFO | ✅ 表 `nigeria_nigeria` 已重建 (主键: Key)
2025-11-24 17:17:04,014 | root | INFO | ✅ 同步成功：表 `nigeria_nigeria` ← 204905 行
2025-11-24 17:17:04,037 | root | INFO |  目录 data1 完成：同步 1 张表
2025-11-24 17:17:04,038 | root | INFO |  处理目录: data2 → 数据库: kayson_db2 (1) 个文件）
2025-11-24 17:17:04,038 | root | INFO |  开始处理文件：Germany.xlsx → 数据库: kayson_db2
2025-11-24 17:17:14,792 | root | INFO | 金额列 'Revenue' 已处理 (Germany.xlsx/Germany)
2025-11-24 17:17:14,832 | root | INFO | ✅ MySQL 连接数据库 {database} 成功
2025-11-24 17:17:14,879 | root | INFO | ✅ 表 `germany_germany` 已重建 (主键: Key)
2025-11-24 17:17:16,960 | root | INFO | ✅ 同步成功：表 `germany_germany` ← 137619 行
2025-11-24 17:17:16,978 | root | INFO |  目录 data2 完成：同步 1 张表
2025-11-24 17:17:16,978 | root | INFO |  目录 data3 下无待处理文件
2025-11-24 17:17:16,978 | root | INFO |  目录 data4 下无待处理文件
2025-11-24 17:17:16,978 | root | INFO |  目录 data5 下无待处理文件
2025-11-24 17:17:16,978 | root | INFO |  目录 data6 下无待处理文件
2025-11-24 17:17:16,978 | root | INFO |  处理目录: data7 → 数据库: kayson_db7 (1) 个文件）
2025-11-24 17:17:16,978 | root | INFO |  开始处理文件：Canada.csv → 数据库: kayson_db7
2025-11-24 17:17:17,043 | root | INFO | 日期列 'Date' 已转换 (Canada.csv)
2025-11-24 17:17:17,061 | root | INFO | 金额列 'Revenue' 已处理 (Canada.csv)
2025-11-24 17:17:17,084 | root | INFO | ✅ MySQL 连接数据库 {database} 成功
2025-11-24 17:17:17,121 | root | INFO | ✅ 表 `canada` 已重建 (主键: Key)
2025-11-24 17:17:17,817 | root | INFO | ✅ 同步成功：表 `canada` ← 46102 行
2025-11-24 17:17:17,821 | root | INFO |  目录 data7 完成：同步 1 张表
2025-11-24 17:17:17,822 | root | INFO |  全部完成！共处理 4 个文件，同步 4 张表到对应数据库
2025-11-24 17:22:49,419 | root | INFO | 开始多目录同步任务...
2025-11-24 17:22:49,419 | root | INFO |  处理目录: data → 数据库: kayson_db (1) 个文件）
2025-11-24 17:22:49,419 | root | INFO |  开始处理文件：2025年销售明细1121.xlsx → 数据库: kayson_db
2025-11-24 17:22:49,680 | root | INFO | 日期列 '日期' 已转换 (2025年销售明细1121.xlsx/Sheet1)
2025-11-24 17:22:49,701 | root | INFO | ✅ MySQL 连接数据库 {database} 成功
2025-11-24 17:22:49,748 | root | INFO | ✅ 表 `table_2025_1121_sheet1` 已重建 (主键: Key)
2025-11-24 17:22:49,866 | root | INFO | ✅ 同步成功：表 `table_2025_1121_sheet1` ← 1659 行
2025-11-24 17:22:49,867 | root | INFO |  目录 data 完成：同步 1 张表
2025-11-24 17:22:49,867 | root | INFO |  处理目录: data1 → 数据库: kayson_db1 (1) 个文件）
2025-11-24 17:22:49,867 | root | INFO |  开始处理文件：Nigeria.xlsx → 数据库: kayson_db1
2025-11-24 17:22:56,762 | root | INFO | 金额列 'Revenue' 已处理 (Nigeria.xlsx/Nigeria)
2025-11-24 17:22:56,824 | root | INFO | ✅ MySQL 连接数据库 {database} 成功
2025-11-24 17:22:56,894 | root | INFO | ✅ 表 `nigeria_nigeria` 已重建 (主键: Key)
2025-11-24 17:23:00,849 | root | INFO | ✅ 同步成功：表 `nigeria_nigeria` ← 204905 行
2025-11-24 17:23:00,875 | root | INFO |  目录 data1 完成：同步 1 张表
2025-11-24 17:23:00,875 | root | INFO |  处理目录: data2 → 数据库: kayson_db2 (1) 个文件）
2025-11-24 17:23:00,875 | root | INFO |  开始处理文件：Germany.xlsx → 数据库: kayson_db2
2025-11-24 17:23:13,418 | root | INFO | 金额列 'Revenue' 已处理 (Germany.xlsx/Germany)
2025-11-24 17:23:13,465 | root | INFO | ✅ MySQL 连接数据库 {database} 成功
2025-11-24 17:23:13,513 | root | INFO | ✅ 表 `germany_germany` 已重建 (主键: Key)
2025-11-24 17:23:15,651 | root | INFO | ✅ 同步成功：表 `germany_germany` ← 137619 行
2025-11-24 17:23:15,669 | root | INFO |  目录 data2 完成：同步 1 张表
2025-11-24 17:23:15,669 | root | INFO |  目录 data3 下无待处理文件
2025-11-24 17:23:15,669 | root | INFO |  目录 data4 下无待处理文件
2025-11-24 17:23:15,670 | root | INFO |  目录 data5 下无待处理文件
2025-11-24 17:23:15,670 | root | INFO |  目录 data6 下无待处理文件
2025-11-24 17:23:15,670 | root | INFO |  处理目录: data7 → 数据库: kayson_db7 (1) 个文件）
2025-11-24 17:23:15,670 | root | INFO |  开始处理文件：Canada.csv → 数据库: kayson_db7
2025-11-24 17:23:15,738 | root | INFO | 日期列 'Date' 已转换 (Canada.csv)
2025-11-24 17:23:15,758 | root | INFO | 金额列 'Revenue' 已处理 (Canada.csv)
2025-11-24 17:23:15,773 | root | INFO | ✅ MySQL 连接数据库 {database} 成功
2025-11-24 17:23:15,826 | root | INFO | ✅ 表 `canada` 已重建 (主键: Key)
2025-11-24 17:23:16,535 | root | INFO | ✅ 同步成功：表 `canada` ← 46102 行
2025-11-24 17:23:16,539 | root | INFO |  目录 data7 完成：同步 1 张表
2025-11-24 17:23:16,539 | root | INFO |  全部完成！共处理 4 个文件，同步 4 张表到对应数据库
2025-11-24 17:27:11,791 | root | INFO | 开始多目录同步任务...
2025-11-24 17:27:11,791 | root | INFO |  处理目录: data → 数据库: kayson_db (1) 个文件）
2025-11-24 17:27:11,791 | root | INFO |  开始处理文件：2025年销售明细1121.xlsx → 数据库: kayson_db
2025-11-24 17:27:12,458 | root | INFO | 日期列 '日期' 已转换 (2025年销售明细1121.xlsx/Sheet1)
2025-11-24 17:27:12,493 | root | INFO | ✅ MySQL 连接数据库 {database} 成功
2025-11-24 17:27:12,536 | root | INFO | ✅ 表 `table_2025_1121_sheet1` 已重建 (主键: Key)
2025-11-24 17:27:12,645 | root | INFO | ✅ 同步成功：表 `table_2025_1121_sheet1` ← 1658 行
2025-11-24 17:27:12,645 | root | INFO |  目录 data 完成：同步 1 张表
2025-11-24 17:27:12,646 | root | INFO |  处理目录: data1 → 数据库: kayson_db1 (1) 个文件）
2025-11-24 17:27:12,646 | root | INFO |  开始处理文件：Nigeria.xlsx → 数据库: kayson_db1
2025-11-24 17:27:18,678 | root | INFO | 金额列 'Revenue' 已处理 (Nigeria.xlsx/Nigeria)
2025-11-24 17:27:18,760 | root | INFO | ✅ MySQL 连接数据库 {database} 成功
2025-11-24 17:27:18,829 | root | INFO | ✅ 表 `nigeria_nigeria` 已重建 (主键: Key)
2025-11-24 17:27:22,230 | root | INFO | ✅ 同步成功：表 `nigeria_nigeria` ← 204905 行
2025-11-24 17:27:22,252 | root | INFO |  目录 data1 完成：同步 1 张表
2025-11-24 17:27:22,253 | root | INFO |  处理目录: data2 → 数据库: kayson_db2 (1) 个文件）
2025-11-24 17:27:22,253 | root | INFO |  开始处理文件：Germany.xlsx → 数据库: kayson_db2
2025-11-24 17:27:33,591 | root | INFO | 金额列 'Revenue' 已处理 (Germany.xlsx/Germany)
2025-11-24 17:27:33,651 | root | INFO | ✅ MySQL 连接数据库 {database} 成功
2025-11-24 17:27:33,709 | root | INFO | ✅ 表 `germany_germany` 已重建 (主键: Key)
2025-11-24 17:27:35,781 | root | INFO | ✅ 同步成功：表 `germany_germany` ← 137619 行
2025-11-24 17:27:35,798 | root | INFO |  目录 data2 完成：同步 1 张表
2025-11-24 17:27:35,799 | root | INFO |  目录 data3 下无待处理文件
2025-11-24 17:27:35,799 | root | INFO |  目录 data4 下无待处理文件
2025-11-24 17:27:35,799 | root | INFO |  目录 data5 下无待处理文件
2025-11-24 17:27:35,799 | root | INFO |  目录 data6 下无待处理文件
2025-11-24 17:27:35,799 | root | INFO |  处理目录: data7 → 数据库: kayson_db7 (1) 个文件）
2025-11-24 17:27:35,799 | root | INFO |  开始处理文件：Canada.csv → 数据库: kayson_db7
2025-11-24 17:27:35,862 | root | INFO | 日期列 'Date' 已转换 (Canada.csv)
2025-11-24 17:27:35,880 | root | INFO | 金额列 'Revenue' 已处理 (Canada.csv)
2025-11-24 17:27:35,903 | root | INFO | ✅ MySQL 连接数据库 {database} 成功
2025-11-24 17:27:35,974 | root | INFO | ✅ 表 `canada` 已重建 (主键: Key)
2025-11-24 17:27:36,693 | root | INFO | ✅ 同步成功：表 `canada` ← 46102 行
2025-11-24 17:27:36,697 | root | INFO |  目录 data7 完成：同步 1 张表
2025-11-24 17:27:36,697 | root | INFO |  全部完成！共处理 4 个文件，同步 4 张表到对应数据库
2025-11-24 17:32:45,499 | root | INFO | 开始多目录同步任务...
2025-11-24 17:32:45,499 | root | INFO |  目录 data 下无待处理文件
2025-11-24 17:32:45,500 | root | INFO |  处理目录: data1 → 数据库: kayson_db1 (1) 个文件）
2025-11-24 17:32:45,500 | root | INFO |  开始处理文件：Nigeria.xlsx → 数据库: kayson_db1
2025-11-24 17:32:51,749 | root | INFO | 金额列 'Revenue' 已处理 (Nigeria.xlsx/Nigeria)
2025-11-24 17:32:51,835 | root | INFO | ✅ MySQL 连接数据库 {database} 成功
2025-11-24 17:32:51,924 | root | INFO | ✅ 表 `nigeria_nigeria` 已重建 (主键: Key)
2025-11-24 17:32:55,392 | root | INFO | ✅ 同步成功：表 `nigeria_nigeria` ← 204905 行
2025-11-24 17:32:55,414 | root | INFO |  目录 data1 完成：同步 1 张表
2025-11-24 17:32:55,414 | root | INFO |  处理目录: data2 → 数据库: kayson_db2 (1) 个文件）
2025-11-24 17:32:55,414 | root | INFO |  开始处理文件：Germany.xlsx → 数据库: kayson_db2
2025-11-24 17:33:06,634 | root | INFO | 金额列 'Revenue' 已处理 (Germany.xlsx/Germany)
2025-11-24 17:33:06,699 | root | INFO | ✅ MySQL 连接数据库 {database} 成功
2025-11-24 17:33:06,757 | root | INFO | ✅ 表 `germany_germany` 已重建 (主键: Key)
2025-11-24 17:33:08,816 | root | INFO | ✅ 同步成功：表 `germany_germany` ← 137619 行
2025-11-24 17:33:08,836 | root | INFO |  目录 data2 完成：同步 1 张表
2025-11-24 17:33:08,836 | root | INFO |  目录 data3 下无待处理文件
2025-11-24 17:33:08,836 | root | INFO |  目录 data4 下无待处理文件
2025-11-24 17:33:08,836 | root | INFO |  目录 data5 下无待处理文件
2025-11-24 17:33:08,836 | root | INFO |  目录 data6 下无待处理文件
2025-11-24 17:33:08,836 | root | INFO |  处理目录: data7 → 数据库: kayson_db7 (1) 个文件）
2025-11-24 17:33:08,836 | root | INFO |  开始处理文件：Canada.csv → 数据库: kayson_db7
2025-11-24 17:33:08,907 | root | INFO | 日期列 'Date' 已转换 (Canada.csv)
2025-11-24 17:33:08,927 | root | INFO | 金额列 'Revenue' 已处理 (Canada.csv)
2025-11-24 17:33:08,950 | root | INFO | ✅ MySQL 连接数据库 {database} 成功
2025-11-24 17:33:09,008 | root | INFO | ✅ 表 `canada` 已重建 (主键: Key)
2025-11-24 17:33:09,734 | root | INFO | ✅ 同步成功：表 `canada` ← 46102 行
2025-11-24 17:33:09,738 | root | INFO |  目录 data7 完成：同步 1 张表
2025-11-24 17:33:09,738 | root | INFO |  全部完成！共处理 3 个文件，同步 3 张表到对应数据库
2025-11-24 17:50:30,731 | root | INFO | 开始多目录同步任务...
2025-11-24 17:50:30,731 | root | INFO |  处理目录: data → 数据库: kayson_db (1) 个文件）
2025-11-24 17:50:30,731 | root | INFO |  开始处理文件：2025年销售明细1121.xlsx → 数据库: kayson_db
2025-11-24 17:50:31,007 | root | INFO | 日期列 '日期' 已转换 (2025年销售明细1121.xlsx/Sheet1)
2025-11-24 17:50:31,022 | root | INFO | ✅ MySQL 连接数据库 {database} 成功
2025-11-24 17:50:31,067 | root | INFO | ✅ 表 `table_2025_1121_sheet1` 已重建 (主键: Key)
2025-11-24 17:50:31,195 | root | INFO | ✅ 同步成功：表 `table_2025_1121_sheet1` ← 1658 行
2025-11-24 17:50:31,197 | root | INFO |  目录 data 完成：同步 1 张表
2025-11-24 17:50:31,197 | root | INFO |  处理目录: data1 → 数据库: kayson_db1 (1) 个文件）
2025-11-24 17:50:31,197 | root | INFO |  开始处理文件：Nigeria.xlsx → 数据库: kayson_db1
2025-11-24 17:50:37,262 | root | INFO | 金额列 'Revenue' 已处理 (Nigeria.xlsx/Nigeria)
2025-11-24 17:50:37,321 | root | INFO | ✅ MySQL 连接数据库 {database} 成功
2025-11-24 17:50:37,370 | root | INFO | ✅ 表 `nigeria_nigeria` 已重建 (主键: Key)
2025-11-24 17:50:41,220 | root | INFO | ✅ 同步成功：表 `nigeria_nigeria` ← 204905 行
2025-11-24 17:50:41,247 | root | INFO |  目录 data1 完成：同步 1 张表
2025-11-24 17:50:41,248 | root | INFO |  处理目录: data2 → 数据库: kayson_db2 (1) 个文件）
2025-11-24 17:50:41,248 | root | INFO |  开始处理文件：Germany.xlsx → 数据库: kayson_db2
2025-11-24 17:50:52,276 | root | INFO | 金额列 'Revenue' 已处理 (Germany.xlsx/Germany)
2025-11-24 17:50:52,327 | root | INFO | ✅ MySQL 连接数据库 {database} 成功
2025-11-24 17:50:52,368 | root | INFO | ✅ 表 `germany_germany` 已重建 (主键: Key)
2025-11-24 17:50:54,747 | root | INFO | ✅ 同步成功：表 `germany_germany` ← 137619 行
2025-11-24 17:50:54,768 | root | INFO |  目录 data2 完成：同步 1 张表
2025-11-24 17:50:54,768 | root | INFO |  目录 data3 下无待处理文件
2025-11-24 17:50:54,768 | root | INFO |  目录 data4 下无待处理文件
2025-11-24 17:50:54,768 | root | INFO |  目录 data5 下无待处理文件
2025-11-24 17:50:54,768 | root | INFO |  目录 data6 下无待处理文件
2025-11-24 17:50:54,769 | root | INFO |  处理目录: data7 → 数据库: kayson_db7 (1) 个文件）
2025-11-24 17:50:54,769 | root | INFO |  开始处理文件：Canada.csv → 数据库: kayson_db7
2025-11-24 17:50:54,842 | root | INFO | 日期列 'Date' 已转换 (Canada.csv)
2025-11-24 17:50:54,861 | root | INFO | 金额列 'Revenue' 已处理 (Canada.csv)
2025-11-24 17:50:54,882 | root | INFO | ✅ MySQL 连接数据库 {database} 成功
2025-11-24 17:50:54,937 | root | INFO | ✅ 表 `canada` 已重建 (主键: Key)
2025-11-24 17:50:55,766 | root | INFO | ✅ 同步成功：表 `canada` ← 46102 行
2025-11-24 17:50:55,770 | root | INFO |  目录 data7 完成：同步 1 张表
2025-11-24 17:50:55,770 | root | INFO |  全部完成！共处理 4 个文件，同步 4 张表到对应数据库
2025-11-26 16:36:22,859 | root | INFO | 开始多目录同步任务...
2025-11-26 16:36:22,860 | root | INFO |  处理目录: data → 数据库: kayson_db (1) 个文件）
2025-11-26 16:36:22,860 | root | INFO |  开始处理文件：2025年销售明细1121.xlsx → 数据库: kayson_db
2025-11-26 16:36:23,396 | root | INFO | 日期列 '日期' 已转换 (2025年销售明细1121.xlsx/Sheet1)
2025-11-26 16:36:23,420 | root | INFO | ✅ MySQL 连接数据库 {database} 成功
2025-11-26 16:36:23,454 | root | INFO | ✅ 表 `table_2025_1121_sheet1` 已重建 (主键: Key)
2025-11-26 16:36:23,545 | root | INFO | ✅ 同步成功：表 `table_2025_1121_sheet1` ← 1658 行
2025-11-26 16:36:23,547 | root | INFO |  目录 data 完成：同步 1 张表
2025-11-26 16:36:23,547 | root | INFO |  处理目录: data1 → 数据库: kayson_db1 (1) 个文件）
2025-11-26 16:36:23,547 | root | INFO |  开始处理文件：Nigeria.xlsx → 数据库: kayson_db1
2025-11-26 16:36:29,367 | root | INFO | 金额列 'Revenue' 已处理 (Nigeria.xlsx/Nigeria)
2025-11-26 16:36:29,436 | root | INFO | ✅ MySQL 连接数据库 {database} 成功
2025-11-26 16:36:29,498 | root | INFO | ✅ 表 `nigeria_nigeria` 已重建 (主键: Key)
2025-11-26 16:36:33,103 | root | INFO | ✅ 同步成功：表 `nigeria_nigeria` ← 204905 行
2025-11-26 16:36:33,130 | root | INFO |  目录 data1 完成：同步 1 张表
2025-11-26 16:36:33,130 | root | INFO |  处理目录: data2 → 数据库: kayson_db2 (1) 个文件）
2025-11-26 16:36:33,130 | root | INFO |  开始处理文件：Germany.xlsx → 数据库: kayson_db2
2025-11-26 16:36:43,892 | root | INFO | 金额列 'Revenue' 已处理 (Germany.xlsx/Germany)
2025-11-26 16:36:43,952 | root | INFO | ✅ MySQL 连接数据库 {database} 成功
2025-11-26 16:36:44,013 | root | INFO | ✅ 表 `germany_germany` 已重建 (主键: Key)
2025-11-26 16:36:46,034 | root | INFO | ✅ 同步成功：表 `germany_germany` ← 137619 行
2025-11-26 16:36:46,058 | root | INFO |  目录 data2 完成：同步 1 张表
2025-11-26 16:36:46,058 | root | INFO |  目录 data3 下无待处理文件
2025-11-26 16:36:46,058 | root | INFO |  目录 data4 下无待处理文件
2025-11-26 16:36:46,058 | root | INFO |  目录 data5 下无待处理文件
2025-11-26 16:36:46,059 | root | INFO |  目录 data6 下无待处理文件
2025-11-26 16:36:46,059 | root | INFO |  处理目录: data7 → 数据库: kayson_db7 (1) 个文件）
2025-11-26 16:36:46,059 | root | INFO |  开始处理文件：Canada.csv → 数据库: kayson_db7
2025-11-26 16:36:46,161 | root | INFO | 日期列 'Date' 已转换 (Canada.csv)
2025-11-26 16:36:46,187 | root | INFO | 金额列 'Revenue' 已处理 (Canada.csv)
2025-11-26 16:36:46,208 | root | INFO | ✅ MySQL 连接数据库 {database} 成功
2025-11-26 16:36:46,269 | root | INFO | ✅ 表 `canada` 已重建 (主键: Key)
2025-11-26 16:36:47,055 | root | INFO | ✅ 同步成功：表 `canada` ← 46102 行
2025-11-26 16:36:47,061 | root | INFO |  目录 data7 完成：同步 1 张表
2025-11-26 16:36:47,061 | root | INFO |  全部完成！共处理 4 个文件，同步 4 张表到对应数据库
2025-12-04 16:13:21,950 | root | INFO | 开始多目录同步任务...
2025-12-04 16:13:21,950 | root | INFO |  处理目录: data → 数据库: kayson_db (1) 个文件）
2025-12-04 16:13:21,950 | root | INFO |  开始处理文件：2025年销售明细1121.xlsx → 数据库: kayson_db
2025-12-04 16:13:22,356 | root | INFO | 日期列 '日期' 已转换 (2025年销售明细1121.xlsx/Sheet1)
2025-12-04 16:13:22,388 | root | INFO | ✅ MySQL 连接数据库 {database} 成功
2025-12-04 16:13:22,431 | root | INFO | ✅ 表 `table_2025_1121_sheet1` 已重建 (主键: Key)
2025-12-04 16:13:22,531 | root | INFO | ✅ 同步成功：表 `table_2025_1121_sheet1` ← 1658 行
2025-12-04 16:13:22,532 | root | INFO |  目录 data 完成：同步 1 张表
2025-12-04 16:13:22,532 | root | INFO |  处理目录: data1 → 数据库: kayson_db1 (1) 个文件）
2025-12-04 16:13:22,532 | root | INFO |  开始处理文件：Nigeria.xlsx → 数据库: kayson_db1
2025-12-04 16:13:27,788 | root | INFO | 金额列 'Revenue' 已处理 (Nigeria.xlsx/Nigeria)
2025-12-04 16:13:27,853 | root | INFO | ✅ MySQL 连接数据库 {database} 成功
2025-12-04 16:13:27,899 | root | INFO | ✅ 表 `nigeria_nigeria` 已重建 (主键: Key)
2025-12-04 16:13:30,433 | root | INFO | ✅ 同步成功：表 `nigeria_nigeria` ← 204905 行
2025-12-04 16:13:30,452 | root | INFO |  目录 data1 完成：同步 1 张表
2025-12-04 16:13:30,453 | root | INFO |  处理目录: data2 → 数据库: kayson_db2 (1) 个文件）
2025-12-04 16:13:30,453 | root | INFO |  开始处理文件：Germany.xlsx → 数据库: kayson_db2
2025-12-04 16:13:40,776 | root | INFO | 金额列 'Revenue' 已处理 (Germany.xlsx/Germany)
2025-12-04 16:13:40,822 | root | INFO | ✅ MySQL 连接数据库 {database} 成功
2025-12-04 16:13:40,859 | root | INFO | ✅ 表 `germany_germany` 已重建 (主键: Key)
2025-12-04 16:13:42,536 | root | INFO | ✅ 同步成功：表 `germany_germany` ← 137619 行
2025-12-04 16:13:42,552 | root | INFO |  目录 data2 完成：同步 1 张表
2025-12-04 16:13:42,552 | root | INFO |  目录 data3 下无待处理文件
2025-12-04 16:13:42,553 | root | INFO |  目录 data4 下无待处理文件
2025-12-04 16:13:42,553 | root | INFO |  目录 data5 下无待处理文件
2025-12-04 16:13:42,553 | root | INFO |  目录 data6 下无待处理文件
2025-12-04 16:13:42,553 | root | INFO |  处理目录: data7 → 数据库: kayson_db7 (1) 个文件）
2025-12-04 16:13:42,553 | root | INFO |  开始处理文件：Canada.csv → 数据库: kayson_db7
2025-12-04 16:13:42,627 | root | INFO | 日期列 'Date' 已转换 (Canada.csv)
2025-12-04 16:13:42,645 | root | INFO | 金额列 'Revenue' 已处理 (Canada.csv)
2025-12-04 16:13:42,648 | root | INFO | ✅ MySQL 连接数据库 {database} 成功
2025-12-04 16:13:42,696 | root | INFO | ✅ 表 `canada` 已重建 (主键: Key)
2025-12-04 16:13:43,271 | root | INFO | ✅ 同步成功：表 `canada` ← 46102 行
2025-12-04 16:13:43,275 | root | INFO |  目录 data7 完成：同步 1 张表
2025-12-04 16:13:43,275 | root | INFO |  全部完成！共处理 4 个文件，同步 4 张表到对应数据库
2025-12-04 16:15:24,778 | root | INFO | 开始多目录同步任务...
2025-12-04 16:15:24,778 | root | INFO |  处理目录: data → 数据库: kayson_db (1) 个文件）
2025-12-04 16:15:24,778 | root | INFO |  开始处理文件：2025年销售明细1121.xlsx → 数据库: kayson_db
2025-12-04 16:15:25,007 | root | INFO | 日期列 '日期' 已转换 (2025年销售明细1121.xlsx/Sheet1)
2025-12-04 16:15:25,027 | root | INFO | ✅ MySQL 连接数据库 {database} 成功
2025-12-04 16:15:25,070 | root | INFO | ✅ 表 `table_2025_1121_sheet1` 已重建 (主键: Key)
2025-12-04 16:15:25,188 | root | INFO | ✅ 同步成功：表 `table_2025_1121_sheet1` ← 1658 行
2025-12-04 16:15:25,188 | root | INFO |  目录 data 完成：同步 1 张表
2025-12-04 16:15:25,189 | root | INFO |  处理目录: data1 → 数据库: kayson_db1 (1) 个文件）
2025-12-04 16:15:25,189 | root | INFO |  开始处理文件：Nigeria.xlsx → 数据库: kayson_db1
2025-12-04 16:15:30,464 | root | INFO | 金额列 'Revenue' 已处理 (Nigeria.xlsx/Nigeria)
2025-12-04 16:15:30,530 | root | INFO | ✅ MySQL 连接数据库 {database} 成功
2025-12-04 16:15:30,590 | root | INFO | ✅ 表 `nigeria_nigeria` 已重建 (主键: Key)
2025-12-04 16:15:34,242 | root | INFO | ✅ 同步成功：表 `nigeria_nigeria` ← 204905 行
2025-12-04 16:15:34,271 | root | INFO |  目录 data1 完成：同步 1 张表
2025-12-04 16:15:34,271 | root | INFO |  处理目录: data2 → 数据库: kayson_db2 (1) 个文件）
2025-12-04 16:15:34,271 | root | INFO |  开始处理文件：Germany.xlsx → 数据库: kayson_db2
2025-12-04 16:15:52,376 | root | INFO | 金额列 'Revenue' 已处理 (Germany.xlsx/Germany)
2025-12-04 16:15:52,464 | root | INFO | ✅ MySQL 连接数据库 {database} 成功
2025-12-04 16:15:52,523 | root | INFO | ✅ 表 `germany_germany` 已重建 (主键: Key)
2025-12-04 16:15:54,853 | root | INFO | ✅ 同步成功：表 `germany_germany` ← 137619 行
2025-12-04 16:15:54,872 | root | INFO |  目录 data2 完成：同步 1 张表
2025-12-04 16:15:54,872 | root | INFO |  目录 data3 下无待处理文件
2025-12-04 16:15:54,872 | root | INFO |  目录 data4 下无待处理文件
2025-12-04 16:15:54,872 | root | INFO |  目录 data5 下无待处理文件
2025-12-04 16:15:54,872 | root | INFO |  目录 data6 下无待处理文件
2025-12-04 16:15:54,872 | root | INFO |  处理目录: data7 → 数据库: kayson_db7 (1) 个文件）
2025-12-04 16:15:54,872 | root | INFO |  开始处理文件：Canada.csv → 数据库: kayson_db7
2025-12-04 16:15:54,974 | root | INFO | 日期列 'Date' 已转换 (Canada.csv)
2025-12-04 16:15:55,004 | root | INFO | 金额列 'Revenue' 已处理 (Canada.csv)
2025-12-04 16:15:55,030 | root | INFO | ✅ MySQL 连接数据库 {database} 成功
2025-12-04 16:15:55,096 | root | INFO | ✅ 表 `canada` 已重建 (主键: Key)
2025-12-04 16:15:55,933 | root | INFO | ✅ 同步成功：表 `canada` ← 46102 行
2025-12-04 16:15:55,937 | root | INFO |  目录 data7 完成：同步 1 张表
2025-12-04 16:15:55,938 | root | INFO |  全部完成！共处理 4 个文件，同步 4 张表到对应数据库
2025-12-04 20:24:50,495 | root | INFO | 开始多目录同步任务...
2025-12-04 20:24:50,496 | root | INFO |  处理目录: data → 数据库: kayson_db (1) 个文件）
2025-12-04 20:24:50,496 | root | INFO |  开始处理文件：2025年销售明细1121.xlsx → 数据库: kayson_db
2025-12-04 20:24:50,838 | root | INFO | 日期列 '日期' 已转换 (2025年销售明细1121.xlsx/Sheet1)
2025-12-04 20:24:50,865 | root | INFO | ✅ MySQL 连接数据库 {database} 成功
2025-12-04 20:24:50,876 | root | INFO | ✅ 表 `table_2025_1121_sheet1` 已创建（含自增主键`id`）
2025-12-04 20:24:50,942 | root | ERROR | ❌ 同步失败：`table_2025_1121_sheet1` - (1364, "Field 'Key' doesn't have a default value")
Traceback (most recent call last):
  File "E:\PycharmProjects\excel_to_mysql\excel_to_mysql.py", line 187, in sync_dataframe_to_table
    cursor.executemany(sql, data)
    ~~~~~~~~~~~~~~~~~~^^^^^^^^^^^
  File "E:\PycharmProjects\excel_to_mysql\.venv\Lib\site-packages\pymysql\cursors.py", line 182, in executemany
    return self._do_execute_many(
           ~~~~~~~~~~~~~~~~~~~~~^
        q_prefix,
        ^^^^^^^^^
    ...<4 lines>...
        self._get_db().encoding,
        ^^^^^^^^^^^^^^^^^^^^^^^^
    )
    ^
  File "E:\PycharmProjects\excel_to_mysql\.venv\Lib\site-packages\pymysql\cursors.py", line 220, in _do_execute_many
    rows += self.execute(sql + postfix)
            ~~~~~~~~~~~~^^^^^^^^^^^^^^^
  File "E:\PycharmProjects\excel_to_mysql\.venv\Lib\site-packages\pymysql\cursors.py", line 153, in execute
    result = self._query(query)
  File "E:\PycharmProjects\excel_to_mysql\.venv\Lib\site-packages\pymysql\cursors.py", line 322, in _query
    conn.query(q)
    ~~~~~~~~~~^^^
  File "E:\PycharmProjects\excel_to_mysql\.venv\Lib\site-packages\pymysql\connections.py", line 575, in query
    self._affected_rows = self._read_query_result(unbuffered=unbuffered)
                          ~~~~~~~~~~~~~~~~~~~~~~~^^^^^^^^^^^^^^^^^^^^^^^
  File "E:\PycharmProjects\excel_to_mysql\.venv\Lib\site-packages\pymysql\connections.py", line 826, in _read_query_result
    result.read()
    ~~~~~~~~~~~^^
  File "E:\PycharmProjects\excel_to_mysql\.venv\Lib\site-packages\pymysql\connections.py", line 1203, in read
    first_packet = self.connection._read_packet()
  File "E:\PycharmProjects\excel_to_mysql\.venv\Lib\site-packages\pymysql\connections.py", line 782, in _read_packet
    packet.raise_for_error()
    ~~~~~~~~~~~~~~~~~~~~~~^^
  File "E:\PycharmProjects\excel_to_mysql\.venv\Lib\site-packages\pymysql\protocol.py", line 219, in raise_for_error
    err.raise_mysql_exception(self._data)
    ~~~~~~~~~~~~~~~~~~~~~~~~~^^^^^^^^^^^^
  File "E:\PycharmProjects\excel_to_mysql\.venv\Lib\site-packages\pymysql\err.py", line 150, in raise_mysql_exception
    raise errorclass(errno, errval)
pymysql.err.OperationalError: (1364, "Field 'Key' doesn't have a default value")
2025-12-04 20:24:50,986 | root | INFO |  目录 data 完成：同步 0 张表
2025-12-04 20:24:50,986 | root | INFO |  处理目录: data1 → 数据库: kayson_db1 (1) 个文件）
2025-12-04 20:24:50,986 | root | INFO |  开始处理文件：Nigeria.xlsx → 数据库: kayson_db1
2025-12-04 20:24:55,171 | root | INFO | 金额列 'Revenue' 已处理 (Nigeria.xlsx/Nigeria)
2025-12-04 20:24:55,190 | root | INFO | ✅ MySQL 连接数据库 {database} 成功
2025-12-04 20:24:55,219 | root | INFO | ✅ 表 `nigeria_nigeria` 已创建（含自增主键`id`）
2025-12-04 20:24:55,746 | root | ERROR | ❌ 同步失败：`nigeria_nigeria` - (1364, "Field 'Key' doesn't have a default value")
Traceback (most recent call last):
  File "E:\PycharmProjects\excel_to_mysql\excel_to_mysql.py", line 187, in sync_dataframe_to_table
    cursor.executemany(sql, data)
    ~~~~~~~~~~~~~~~~~~^^^^^^^^^^^
  File "E:\PycharmProjects\excel_to_mysql\.venv\Lib\site-packages\pymysql\cursors.py", line 182, in executemany
    return self._do_execute_many(
           ~~~~~~~~~~~~~~~~~~~~~^
        q_prefix,
        ^^^^^^^^^
    ...<4 lines>...
        self._get_db().encoding,
        ^^^^^^^^^^^^^^^^^^^^^^^^
    )
    ^
  File "E:\PycharmProjects\excel_to_mysql\.venv\Lib\site-packages\pymysql\cursors.py", line 215, in _do_execute_many
    rows += self.execute(sql + postfix)
            ~~~~~~~~~~~~^^^^^^^^^^^^^^^
  File "E:\PycharmProjects\excel_to_mysql\.venv\Lib\site-packages\pymysql\cursors.py", line 153, in execute
    result = self._query(query)
  File "E:\PycharmProjects\excel_to_mysql\.venv\Lib\site-packages\pymysql\cursors.py", line 322, in _query
    conn.query(q)
    ~~~~~~~~~~^^^
  File "E:\PycharmProjects\excel_to_mysql\.venv\Lib\site-packages\pymysql\connections.py", line 575, in query
    self._affected_rows = self._read_query_result(unbuffered=unbuffered)
                          ~~~~~~~~~~~~~~~~~~~~~~~^^^^^^^^^^^^^^^^^^^^^^^
  File "E:\PycharmProjects\excel_to_mysql\.venv\Lib\site-packages\pymysql\connections.py", line 826, in _read_query_result
    result.read()
    ~~~~~~~~~~~^^
  File "E:\PycharmProjects\excel_to_mysql\.venv\Lib\site-packages\pymysql\connections.py", line 1203, in read
    first_packet = self.connection._read_packet()
  File "E:\PycharmProjects\excel_to_mysql\.venv\Lib\site-packages\pymysql\connections.py", line 782, in _read_packet
    packet.raise_for_error()
    ~~~~~~~~~~~~~~~~~~~~~~^^
  File "E:\PycharmProjects\excel_to_mysql\.venv\Lib\site-packages\pymysql\protocol.py", line 219, in raise_for_error
    err.raise_mysql_exception(self._data)
    ~~~~~~~~~~~~~~~~~~~~~~~~~^^^^^^^^^^^^
  File "E:\PycharmProjects\excel_to_mysql\.venv\Lib\site-packages\pymysql\err.py", line 150, in raise_mysql_exception
    raise errorclass(errno, errval)
pymysql.err.OperationalError: (1364, "Field 'Key' doesn't have a default value")
2025-12-04 20:24:55,768 | root | INFO |  目录 data1 完成：同步 0 张表
2025-12-04 20:24:55,768 | root | INFO |  处理目录: data2 → 数据库: kayson_db2 (1) 个文件）
2025-12-04 20:24:55,768 | root | INFO |  开始处理文件：Germany.xlsx → 数据库: kayson_db2
2025-12-04 20:24:58,588 | root | INFO | 金额列 'Revenue' 已处理 (Germany.xlsx/Germany)
2025-12-04 20:24:58,593 | root | INFO | ✅ MySQL 连接数据库 {database} 成功
2025-12-04 20:24:58,613 | root | INFO | ✅ 表 `germany_germany` 已创建（含自增主键`id`）
2025-12-04 20:24:59,008 | root | ERROR | ❌ 同步失败：`germany_germany` - (1364, "Field 'Key' doesn't have a default value")
Traceback (most recent call last):
  File "E:\PycharmProjects\excel_to_mysql\excel_to_mysql.py", line 187, in sync_dataframe_to_table
    cursor.executemany(sql, data)
    ~~~~~~~~~~~~~~~~~~^^^^^^^^^^^
  File "E:\PycharmProjects\excel_to_mysql\.venv\Lib\site-packages\pymysql\cursors.py", line 182, in executemany
    return self._do_execute_many(
           ~~~~~~~~~~~~~~~~~~~~~^
        q_prefix,
        ^^^^^^^^^
    ...<4 lines>...
        self._get_db().encoding,
        ^^^^^^^^^^^^^^^^^^^^^^^^
    )
    ^
  File "E:\PycharmProjects\excel_to_mysql\.venv\Lib\site-packages\pymysql\cursors.py", line 215, in _do_execute_many
    rows += self.execute(sql + postfix)
            ~~~~~~~~~~~~^^^^^^^^^^^^^^^
  File "E:\PycharmProjects\excel_to_mysql\.venv\Lib\site-packages\pymysql\cursors.py", line 153, in execute
    result = self._query(query)
  File "E:\PycharmProjects\excel_to_mysql\.venv\Lib\site-packages\pymysql\cursors.py", line 322, in _query
    conn.query(q)
    ~~~~~~~~~~^^^
  File "E:\PycharmProjects\excel_to_mysql\.venv\Lib\site-packages\pymysql\connections.py", line 575, in query
    self._affected_rows = self._read_query_result(unbuffered=unbuffered)
                          ~~~~~~~~~~~~~~~~~~~~~~~^^^^^^^^^^^^^^^^^^^^^^^
  File "E:\PycharmProjects\excel_to_mysql\.venv\Lib\site-packages\pymysql\connections.py", line 826, in _read_query_result
    result.read()
    ~~~~~~~~~~~^^
  File "E:\PycharmProjects\excel_to_mysql\.venv\Lib\site-packages\pymysql\connections.py", line 1203, in read
    first_packet = self.connection._read_packet()
  File "E:\PycharmProjects\excel_to_mysql\.venv\Lib\site-packages\pymysql\connections.py", line 782, in _read_packet
    packet.raise_for_error()
    ~~~~~~~~~~~~~~~~~~~~~~^^
  File "E:\PycharmProjects\excel_to_mysql\.venv\Lib\site-packages\pymysql\protocol.py", line 219, in raise_for_error
    err.raise_mysql_exception(self._data)
    ~~~~~~~~~~~~~~~~~~~~~~~~~^^^^^^^^^^^^
  File "E:\PycharmProjects\excel_to_mysql\.venv\Lib\site-packages\pymysql\err.py", line 150, in raise_mysql_exception
    raise errorclass(errno, errval)
pymysql.err.OperationalError: (1364, "Field 'Key' doesn't have a default value")
2025-12-04 20:24:59,022 | root | INFO |  目录 data2 完成：同步 0 张表
2025-12-04 20:24:59,022 | root | INFO |  目录 data3 下无待处理文件
2025-12-04 20:24:59,022 | root | INFO |  目录 data4 下无待处理文件
2025-12-04 20:24:59,022 | root | INFO |  目录 data5 下无待处理文件
2025-12-04 20:24:59,022 | root | INFO |  目录 data6 下无待处理文件
2025-12-04 20:24:59,023 | root | INFO |  处理目录: data7 → 数据库: kayson_db7 (1) 个文件）
2025-12-04 20:24:59,023 | root | INFO |  开始处理文件：Canada.csv → 数据库: kayson_db7
2025-12-04 20:24:59,061 | root | INFO | 日期列 'Date' 已转换 (Canada.csv)
2025-12-04 20:24:59,080 | root | INFO | 金额列 'Revenue' 已处理 (Canada.csv)
2025-12-04 20:24:59,097 | root | INFO | ✅ MySQL 连接数据库 {database} 成功
2025-12-04 20:24:59,120 | root | INFO | ✅ 表 `canada` 已创建（含自增主键`id`）
2025-12-04 20:24:59,316 | root | ERROR | ❌ 同步失败：`canada` - (1364, "Field 'Key' doesn't have a default value")
Traceback (most recent call last):
  File "E:\PycharmProjects\excel_to_mysql\excel_to_mysql.py", line 187, in sync_dataframe_to_table
    cursor.executemany(sql, data)
    ~~~~~~~~~~~~~~~~~~^^^^^^^^^^^
  File "E:\PycharmProjects\excel_to_mysql\.venv\Lib\site-packages\pymysql\cursors.py", line 182, in executemany
    return self._do_execute_many(
           ~~~~~~~~~~~~~~~~~~~~~^
        q_prefix,
        ^^^^^^^^^
    ...<4 lines>...
        self._get_db().encoding,
        ^^^^^^^^^^^^^^^^^^^^^^^^
    )
    ^
  File "E:\PycharmProjects\excel_to_mysql\.venv\Lib\site-packages\pymysql\cursors.py", line 215, in _do_execute_many
    rows += self.execute(sql + postfix)
            ~~~~~~~~~~~~^^^^^^^^^^^^^^^
  File "E:\PycharmProjects\excel_to_mysql\.venv\Lib\site-packages\pymysql\cursors.py", line 153, in execute
    result = self._query(query)
  File "E:\PycharmProjects\excel_to_mysql\.venv\Lib\site-packages\pymysql\cursors.py", line 322, in _query
    conn.query(q)
    ~~~~~~~~~~^^^
  File "E:\PycharmProjects\excel_to_mysql\.venv\Lib\site-packages\pymysql\connections.py", line 575, in query
    self._affected_rows = self._read_query_result(unbuffered=unbuffered)
                          ~~~~~~~~~~~~~~~~~~~~~~~^^^^^^^^^^^^^^^^^^^^^^^
  File "E:\PycharmProjects\excel_to_mysql\.venv\Lib\site-packages\pymysql\connections.py", line 826, in _read_query_result
    result.read()
    ~~~~~~~~~~~^^
  File "E:\PycharmProjects\excel_to_mysql\.venv\Lib\site-packages\pymysql\connections.py", line 1203, in read
    first_packet = self.connection._read_packet()
  File "E:\PycharmProjects\excel_to_mysql\.venv\Lib\site-packages\pymysql\connections.py", line 782, in _read_packet
    packet.raise_for_error()
    ~~~~~~~~~~~~~~~~~~~~~~^^
  File "E:\PycharmProjects\excel_to_mysql\.venv\Lib\site-packages\pymysql\protocol.py", line 219, in raise_for_error
    err.raise_mysql_exception(self._data)
    ~~~~~~~~~~~~~~~~~~~~~~~~~^^^^^^^^^^^^
  File "E:\PycharmProjects\excel_to_mysql\.venv\Lib\site-packages\pymysql\err.py", line 150, in raise_mysql_exception
    raise errorclass(errno, errval)
pymysql.err.OperationalError: (1364, "Field 'Key' doesn't have a default value")
2025-12-04 20:24:59,321 | root | INFO |  目录 data7 完成：同步 0 张表
2025-12-04 20:24:59,321 | root | INFO |  全部完成！共处理 4 个文件，同步 0 张表到对应数据库
2025-12-04 20:28:32,362 | root | INFO | 开始多目录同步任务...
2025-12-04 20:28:32,363 | root | INFO |  处理目录: data → 数据库: kayson_db (1) 个文件）
2025-12-04 20:28:32,363 | root | INFO |  开始处理文件：2025年销售明细1121.xlsx → 数据库: kayson_db
2025-12-04 20:28:32,584 | root | INFO | 日期列 '日期' 已转换 (2025年销售明细1121.xlsx/Sheet1)
2025-12-04 20:28:32,616 | root | INFO | ✅ MySQL 连接数据库 {database} 成功
2025-12-04 20:28:32,645 | root | INFO | ✅ 表 `table_2025_1121_sheet1` 已创建（含自增主键`id`）
2025-12-04 20:28:32,753 | root | INFO | ✅ 同步成功：表 `table_2025_1121_sheet1` ← 1658 行
2025-12-04 20:28:32,754 | root | INFO |  目录 data 完成：同步 1 张表
2025-12-04 20:28:32,754 | root | INFO |  处理目录: data1 → 数据库: kayson_db1 (1) 个文件）
2025-12-04 20:28:32,754 | root | INFO |  开始处理文件：Nigeria.xlsx → 数据库: kayson_db1
2025-12-04 20:28:36,922 | root | INFO | 金额列 'Revenue' 已处理 (Nigeria.xlsx/Nigeria)
2025-12-04 20:28:36,928 | root | INFO | ✅ MySQL 连接数据库 {database} 成功
2025-12-04 20:28:36,970 | root | INFO | ✅ 表 `nigeria_nigeria` 已创建（含自增主键`id`）
2025-12-04 20:28:39,524 | root | INFO | ✅ 同步成功：表 `nigeria_nigeria` ← 204905 行
2025-12-04 20:28:39,545 | root | INFO |  目录 data1 完成：同步 1 张表
2025-12-04 20:28:39,545 | root | INFO |  处理目录: data2 → 数据库: kayson_db2 (1) 个文件）
2025-12-04 20:28:39,545 | root | INFO |  开始处理文件：Germany.xlsx → 数据库: kayson_db2
2025-12-04 20:28:42,322 | root | INFO | 金额列 'Revenue' 已处理 (Germany.xlsx/Germany)
2025-12-04 20:28:42,342 | root | INFO | ✅ MySQL 连接数据库 {database} 成功
2025-12-04 20:28:42,388 | root | INFO | ✅ 表 `germany_germany` 已创建（含自增主键`id`）
2025-12-04 20:28:44,110 | root | INFO | ✅ 同步成功：表 `germany_germany` ← 137619 行
2025-12-04 20:28:44,124 | root | INFO |  目录 data2 完成：同步 1 张表
2025-12-04 20:28:44,124 | root | INFO |  目录 data3 下无待处理文件
2025-12-04 20:28:44,124 | root | INFO |  目录 data4 下无待处理文件
2025-12-04 20:28:44,124 | root | INFO |  目录 data5 下无待处理文件
2025-12-04 20:28:44,124 | root | INFO |  目录 data6 下无待处理文件
2025-12-04 20:28:44,124 | root | INFO |  处理目录: data7 → 数据库: kayson_db7 (1) 个文件）
2025-12-04 20:28:44,124 | root | INFO |  开始处理文件：Canada.csv → 数据库: kayson_db7
2025-12-04 20:28:44,161 | root | INFO | 日期列 'Date' 已转换 (Canada.csv)
2025-12-04 20:28:44,180 | root | INFO | 金额列 'Revenue' 已处理 (Canada.csv)
2025-12-04 20:28:44,183 | root | INFO | ✅ MySQL 连接数据库 {database} 成功
2025-12-04 20:28:44,227 | root | INFO | ✅ 表 `canada` 已创建（含自增主键`id`）
2025-12-04 20:28:44,890 | root | INFO | ✅ 同步成功：表 `canada` ← 46102 行
2025-12-04 20:28:44,893 | root | INFO |  目录 data7 完成：同步 1 张表
2025-12-04 20:28:44,893 | root | INFO |  全部完成！共处理 4 个文件，同步 4 张表到对应数据库
2025-12-04 20:32:05,584 | root | INFO | 开始多目录同步任务...
2025-12-04 20:32:05,585 | root | INFO |  处理目录: data → 数据库: kayson_db (1) 个文件）
2025-12-04 20:32:05,585 | root | INFO |  开始处理文件：2025年销售明细1121.xlsx → 数据库: kayson_db
2025-12-04 20:32:05,853 | root | INFO | 日期列 '日期' 已转换 (2025年销售明细1121.xlsx/Sheet1)
2025-12-04 20:32:05,862 | root | INFO | ✅ MySQL 连接数据库 {database} 成功
2025-12-04 20:32:05,890 | root | INFO | ✅ 表 `table_2025_1121_sheet1` 已创建
2025-12-04 20:32:06,009 | root | INFO | ✅ 同步成功：表 `table_2025_1121_sheet1` ← 1658 行
2025-12-04 20:32:06,009 | root | INFO |  目录 data 完成：同步 1 张表
2025-12-04 20:32:06,009 | root | INFO |  处理目录: data1 → 数据库: kayson_db1 (1) 个文件）
2025-12-04 20:32:06,010 | root | INFO |  开始处理文件：Nigeria.xlsx → 数据库: kayson_db1
2025-12-04 20:32:10,846 | root | INFO | 金额列 'Revenue' 已处理 (Nigeria.xlsx/Nigeria)
2025-12-04 20:32:10,853 | root | INFO | ✅ MySQL 连接数据库 {database} 成功
2025-12-04 20:32:10,905 | root | INFO | ✅ 表 `nigeria_nigeria` 已创建
2025-12-04 20:32:13,601 | root | INFO | ✅ 同步成功：表 `nigeria_nigeria` ← 204905 行
2025-12-04 20:32:13,621 | root | INFO |  目录 data1 完成：同步 1 张表
2025-12-04 20:32:13,622 | root | INFO |  处理目录: data2 → 数据库: kayson_db2 (1) 个文件）
2025-12-04 20:32:13,622 | root | INFO |  开始处理文件：Germany.xlsx → 数据库: kayson_db2
2025-12-04 20:32:16,369 | root | INFO | 金额列 'Revenue' 已处理 (Germany.xlsx/Germany)
2025-12-04 20:32:16,374 | root | INFO | ✅ MySQL 连接数据库 {database} 成功
2025-12-04 20:32:16,417 | root | INFO | ✅ 表 `germany_germany` 已创建
2025-12-04 20:32:18,164 | root | INFO | ✅ 同步成功：表 `germany_germany` ← 137619 行
2025-12-04 20:32:18,177 | root | INFO |  目录 data2 完成：同步 1 张表
2025-12-04 20:32:18,177 | root | INFO |  目录 data3 下无待处理文件
2025-12-04 20:32:18,177 | root | INFO |  目录 data4 下无待处理文件
2025-12-04 20:32:18,177 | root | INFO |  目录 data5 下无待处理文件
2025-12-04 20:32:18,177 | root | INFO |  目录 data6 下无待处理文件
2025-12-04 20:32:18,177 | root | INFO |  处理目录: data7 → 数据库: kayson_db7 (1) 个文件）
2025-12-04 20:32:18,177 | root | INFO |  开始处理文件：Canada.csv → 数据库: kayson_db7
2025-12-04 20:32:18,215 | root | INFO | 日期列 'Date' 已转换 (Canada.csv)
2025-12-04 20:32:18,233 | root | INFO | 金额列 'Revenue' 已处理 (Canada.csv)
2025-12-04 20:32:18,251 | root | INFO | ✅ MySQL 连接数据库 {database} 成功
2025-12-04 20:32:18,294 | root | INFO | ✅ 表 `canada` 已创建
2025-12-04 20:32:18,927 | root | INFO | ✅ 同步成功：表 `canada` ← 46102 行
2025-12-04 20:32:18,931 | root | INFO |  目录 data7 完成：同步 1 张表
2025-12-04 20:32:18,931 | root | INFO |  全部完成！共处理 4 个文件，同步 4 张表到对应数据库
2025-12-04 20:35:24,851 | root | INFO | 开始多目录同步任务...
2025-12-04 20:35:24,851 | root | INFO |  处理目录: data → 数据库: kayson_db (1) 个文件）
2025-12-04 20:35:24,851 | root | INFO |  开始处理文件：2025年销售明细1121.xlsx → 数据库: kayson_db
2025-12-04 20:35:25,086 | root | INFO | 日期列 '日期' 已转换 (2025年销售明细1121.xlsx/Sheet1)
2025-12-04 20:35:25,096 | root | INFO | ✅ MySQL 连接数据库 {database} 成功
2025-12-04 20:35:25,104 | root | INFO | ✅ 表 `table_2025_1121_sheet1` 已创建
2025-12-04 20:35:25,222 | root | INFO | ✅ 同步成功：表 `table_2025_1121_sheet1` ← 1659 行
2025-12-04 20:35:25,222 | root | INFO |  目录 data 完成：同步 1 张表
2025-12-04 20:35:25,222 | root | INFO |  处理目录: data1 → 数据库: kayson_db1 (1) 个文件）
2025-12-04 20:35:25,223 | root | INFO |  开始处理文件：Nigeria.xlsx → 数据库: kayson_db1
2025-12-04 20:35:29,332 | root | INFO | 金额列 'Revenue' 已处理 (Nigeria.xlsx/Nigeria)
2025-12-04 20:35:29,338 | root | INFO | ✅ MySQL 连接数据库 {database} 成功
2025-12-04 20:35:29,367 | root | INFO | ✅ 表 `nigeria_nigeria` 已创建
2025-12-04 20:35:31,937 | root | INFO | ✅ 同步成功：表 `nigeria_nigeria` ← 204905 行
2025-12-04 20:35:31,958 | root | INFO |  目录 data1 完成：同步 1 张表
2025-12-04 20:35:31,958 | root | INFO |  处理目录: data2 → 数据库: kayson_db2 (1) 个文件）
2025-12-04 20:35:31,959 | root | INFO |  开始处理文件：Germany.xlsx → 数据库: kayson_db2
2025-12-04 20:35:34,683 | root | INFO | 金额列 'Revenue' 已处理 (Germany.xlsx/Germany)
2025-12-04 20:35:34,708 | root | INFO | ✅ MySQL 连接数据库 {database} 成功
2025-12-04 20:35:34,731 | root | INFO | ✅ 表 `germany_germany` 已创建
2025-12-04 20:35:36,432 | root | INFO | ✅ 同步成功：表 `germany_germany` ← 137619 行
2025-12-04 20:35:36,445 | root | INFO |  目录 data2 完成：同步 1 张表
2025-12-04 20:35:36,446 | root | INFO |  目录 data3 下无待处理文件
2025-12-04 20:35:36,446 | root | INFO |  目录 data4 下无待处理文件
2025-12-04 20:35:36,446 | root | INFO |  目录 data5 下无待处理文件
2025-12-04 20:35:36,446 | root | INFO |  目录 data6 下无待处理文件
2025-12-04 20:35:36,446 | root | INFO |  处理目录: data7 → 数据库: kayson_db7 (1) 个文件）
2025-12-04 20:35:36,446 | root | INFO |  开始处理文件：Canada.csv → 数据库: kayson_db7
2025-12-04 20:35:36,482 | root | INFO | 日期列 'Date' 已转换 (Canada.csv)
2025-12-04 20:35:36,500 | root | INFO | 金额列 'Revenue' 已处理 (Canada.csv)
2025-12-04 20:35:36,514 | root | INFO | ✅ MySQL 连接数据库 {database} 成功
2025-12-04 20:35:36,539 | root | INFO | ✅ 表 `canada` 已创建
2025-12-04 20:35:37,134 | root | INFO | ✅ 同步成功：表 `canada` ← 46102 行
2025-12-04 20:35:37,138 | root | INFO |  目录 data7 完成：同步 1 张表
2025-12-04 20:35:37,138 | root | INFO |  全部完成！共处理 4 个文件，同步 4 张表到对应数据库
2025-12-04 20:38:51,986 | root | INFO | 开始多目录同步任务...
2025-12-04 20:38:51,986 | root | INFO |  处理目录: data → 数据库: kayson_db (1) 个文件）
2025-12-04 20:38:51,986 | root | INFO |  开始处理文件：2025年销售明细1121.xlsx → 数据库: kayson_db
2025-12-04 20:38:52,219 | root | INFO | 日期列 '日期' 已转换 (2025年销售明细1121.xlsx/Sheet1)
2025-12-04 20:38:52,228 | root | INFO | ✅ MySQL 连接数据库 {database} 成功
2025-12-04 20:38:52,239 | root | INFO | ✅ 表 `table_2025_1121_sheet1` 已创建
2025-12-04 20:38:52,361 | root | INFO | ✅ 同步成功：表 `table_2025_1121_sheet1` ← 1659 行
2025-12-04 20:38:52,361 | root | INFO |  目录 data 完成：同步 1 张表
2025-12-04 20:38:52,362 | root | INFO |  处理目录: data1 → 数据库: kayson_db1 (1) 个文件）
2025-12-04 20:38:52,362 | root | INFO |  开始处理文件：Nigeria.xlsx → 数据库: kayson_db1
2025-12-04 20:38:56,696 | root | INFO | 金额列 'Revenue' 已处理 (Nigeria.xlsx/Nigeria)
2025-12-04 20:38:56,722 | root | INFO | ✅ MySQL 连接数据库 {database} 成功
2025-12-04 20:38:56,754 | root | INFO | ✅ 表 `nigeria_nigeria` 已创建
2025-12-04 20:38:59,291 | root | INFO | ✅ 同步成功：表 `nigeria_nigeria` ← 204905 行
2025-12-04 20:38:59,311 | root | INFO |  目录 data1 完成：同步 1 张表
2025-12-04 20:38:59,311 | root | INFO |  处理目录: data2 → 数据库: kayson_db2 (1) 个文件）
2025-12-04 20:38:59,311 | root | INFO |  开始处理文件：Germany.xlsx → 数据库: kayson_db2
2025-12-04 20:39:02,026 | root | INFO | 金额列 'Revenue' 已处理 (Germany.xlsx/Germany)
2025-12-04 20:39:02,031 | root | INFO | ✅ MySQL 连接数据库 {database} 成功
2025-12-04 20:39:02,053 | root | INFO | ✅ 表 `germany_germany` 已创建
2025-12-04 20:39:03,750 | root | INFO | ✅ 同步成功：表 `germany_germany` ← 137619 行
2025-12-04 20:39:03,763 | root | INFO |  目录 data2 完成：同步 1 张表
2025-12-04 20:39:03,764 | root | INFO |  目录 data3 下无待处理文件
2025-12-04 20:39:03,764 | root | INFO |  目录 data4 下无待处理文件
2025-12-04 20:39:03,764 | root | INFO |  目录 data5 下无待处理文件
2025-12-04 20:39:03,764 | root | INFO |  目录 data6 下无待处理文件
2025-12-04 20:39:03,764 | root | INFO |  处理目录: data7 → 数据库: kayson_db7 (1) 个文件）
2025-12-04 20:39:03,765 | root | INFO |  开始处理文件：Canada.csv → 数据库: kayson_db7
2025-12-04 20:39:03,806 | root | INFO | 日期列 'Date' 已转换 (Canada.csv)
2025-12-04 20:39:03,826 | root | INFO | 金额列 'Revenue' 已处理 (Canada.csv)
2025-12-04 20:39:03,829 | root | INFO | ✅ MySQL 连接数据库 {database} 成功
2025-12-04 20:39:03,856 | root | INFO | ✅ 表 `canada` 已创建
2025-12-04 20:39:04,501 | root | INFO | ✅ 同步成功：表 `canada` ← 46102 行
2025-12-04 20:39:04,504 | root | INFO |  目录 data7 完成：同步 1 张表
2025-12-04 20:39:04,505 | root | INFO |  全部完成！共处理 4 个文件，同步 4 张表到对应数据库
2025-12-04 20:42:10,609 | root | INFO | 开始多目录同步任务...
2025-12-04 20:42:10,609 | root | INFO |  处理目录: data → 数据库: kayson_db (1) 个文件）
2025-12-04 20:42:10,609 | root | INFO |  开始处理文件：2025年销售明细1121.xlsx → 数据库: kayson_db
2025-12-04 20:42:10,837 | root | INFO | 日期列 '日期' 已转换 (2025年销售明细1121.xlsx/Sheet1)
2025-12-04 20:42:10,864 | root | INFO | ✅ MySQL 连接数据库 {database} 成功
2025-12-04 20:42:10,874 | root | INFO | ✅ 表 `table_2025_1121_sheet1` 已创建
2025-12-04 20:42:10,986 | root | INFO | ✅ 同步成功：表 `table_2025_1121_sheet1` ← 1659 行
2025-12-04 20:42:10,987 | root | INFO |  目录 data 完成：同步 1 张表
2025-12-04 20:42:10,987 | root | INFO |  处理目录: data1 → 数据库: kayson_db1 (1) 个文件）
2025-12-04 20:42:10,987 | root | INFO |  开始处理文件：Nigeria.xlsx → 数据库: kayson_db1
2025-12-04 20:42:15,072 | root | INFO | 金额列 'Revenue' 已处理 (Nigeria.xlsx/Nigeria)
2025-12-04 20:42:15,092 | root | INFO | ✅ MySQL 连接数据库 {database} 成功
2025-12-04 20:42:15,120 | root | INFO | ✅ 表 `nigeria_nigeria` 已创建
2025-12-04 20:42:17,637 | root | INFO | ✅ 同步成功：表 `nigeria_nigeria` ← 204905 行
2025-12-04 20:42:17,663 | root | INFO |  目录 data1 完成：同步 1 张表
2025-12-04 20:42:17,663 | root | INFO |  处理目录: data2 → 数据库: kayson_db2 (1) 个文件）
2025-12-04 20:42:17,663 | root | INFO |  开始处理文件：Germany.xlsx → 数据库: kayson_db2
2025-12-04 20:42:20,324 | root | INFO | 金额列 'Revenue' 已处理 (Germany.xlsx/Germany)
2025-12-04 20:42:20,329 | root | INFO | ✅ MySQL 连接数据库 {database} 成功
2025-12-04 20:42:20,350 | root | INFO | ✅ 表 `germany_germany` 已创建
2025-12-04 20:42:22,036 | root | INFO | ✅ 同步成功：表 `germany_germany` ← 137619 行
2025-12-04 20:42:22,051 | root | INFO |  目录 data2 完成：同步 1 张表
2025-12-04 20:42:22,051 | root | INFO |  目录 data3 下无待处理文件
2025-12-04 20:42:22,051 | root | INFO |  目录 data4 下无待处理文件
2025-12-04 20:42:22,051 | root | INFO |  目录 data5 下无待处理文件
2025-12-04 20:42:22,051 | root | INFO |  目录 data6 下无待处理文件
2025-12-04 20:42:22,051 | root | INFO |  处理目录: data7 → 数据库: kayson_db7 (1) 个文件）
2025-12-04 20:42:22,051 | root | INFO |  开始处理文件：Canada.csv → 数据库: kayson_db7
2025-12-04 20:42:22,086 | root | INFO | 日期列 'Date' 已转换 (Canada.csv)
2025-12-04 20:42:22,104 | root | INFO | 金额列 'Revenue' 已处理 (Canada.csv)
2025-12-04 20:42:22,132 | root | INFO | ✅ MySQL 连接数据库 {database} 成功
2025-12-04 20:42:22,160 | root | INFO | ✅ 表 `canada` 已创建
2025-12-04 20:42:22,756 | root | INFO | ✅ 同步成功：表 `canada` ← 46102 行
2025-12-04 20:42:22,759 | root | INFO |  目录 data7 完成：同步 1 张表
2025-12-04 20:42:22,759 | root | INFO |  全部完成！共处理 4 个文件，同步 4 张表到对应数据库
2025-12-04 21:03:10,738 | root | INFO | 开始多目录同步任务...
2025-12-04 21:03:10,739 | root | INFO |  处理目录: data → 数据库: kayson_db (1) 个文件）
2025-12-04 21:03:10,739 | root | INFO |  开始处理文件：2025年销售明细1121.xlsx → 数据库: kayson_db
2025-12-04 21:03:10,967 | root | INFO | 日期列 '日期' 已转换 (2025年销售明细1121.xlsx/Sheet1)
2025-12-04 21:03:10,975 | root | INFO | ✅ MySQL 连接数据库 {database} 成功
2025-12-04 21:03:11,025 | root | INFO | ✅ 表 `table_2025年销售明细1121_sheet1` 已创建
2025-12-04 21:03:11,137 | root | INFO | ✅ 同步成功：表 `table_2025年销售明细1121_sheet1` ← 1659 行
2025-12-04 21:03:11,137 | root | INFO |  目录 data 完成：同步 1 张表
2025-12-04 21:03:11,138 | root | INFO |  处理目录: data1 → 数据库: kayson_db1 (1) 个文件）
2025-12-04 21:03:11,138 | root | INFO |  开始处理文件：Nigeria.xlsx → 数据库: kayson_db1
2025-12-04 21:03:15,335 | root | INFO | 金额列 'Revenue' 已处理 (Nigeria.xlsx/Nigeria)
2025-12-04 21:03:15,351 | root | INFO | ✅ MySQL 连接数据库 {database} 成功
2025-12-04 21:03:15,395 | root | INFO | ✅ 表 `Nigeria_nigeria` 已创建
2025-12-04 21:03:17,898 | root | INFO | ✅ 同步成功：表 `Nigeria_nigeria` ← 204905 行
2025-12-04 21:03:17,919 | root | INFO |  目录 data1 完成：同步 1 张表
2025-12-04 21:03:17,919 | root | INFO |  处理目录: data2 → 数据库: kayson_db2 (1) 个文件）
2025-12-04 21:03:17,919 | root | INFO |  开始处理文件：Germany.xlsx → 数据库: kayson_db2
2025-12-04 21:03:20,641 | root | INFO | 金额列 'Revenue' 已处理 (Germany.xlsx/Germany)
2025-12-04 21:03:20,668 | root | INFO | ✅ MySQL 连接数据库 {database} 成功
2025-12-04 21:03:20,707 | root | INFO | ✅ 表 `Germany_germany` 已创建
2025-12-04 21:03:22,399 | root | INFO | ✅ 同步成功：表 `Germany_germany` ← 137619 行
2025-12-04 21:03:22,414 | root | INFO |  目录 data2 完成：同步 1 张表
2025-12-04 21:03:22,414 | root | INFO |  目录 data3 下无待处理文件
2025-12-04 21:03:22,414 | root | INFO |  目录 data4 下无待处理文件
2025-12-04 21:03:22,414 | root | INFO |  目录 data5 下无待处理文件
2025-12-04 21:03:22,414 | root | INFO |  目录 data6 下无待处理文件
2025-12-04 21:03:22,414 | root | INFO |  处理目录: data7 → 数据库: kayson_db7 (1) 个文件）
2025-12-04 21:03:22,414 | root | INFO |  开始处理文件：Canada.csv → 数据库: kayson_db7
2025-12-04 21:03:22,451 | root | INFO | 日期列 'Date' 已转换 (Canada.csv)
2025-12-04 21:03:22,472 | root | INFO | 金额列 'Revenue' 已处理 (Canada.csv)
2025-12-04 21:03:22,475 | root | INFO | ✅ MySQL 连接数据库 {database} 成功
2025-12-04 21:03:22,519 | root | INFO | ✅ 表 `Canada` 已创建
2025-12-04 21:03:23,126 | root | INFO | ✅ 同步成功：表 `Canada` ← 46102 行
2025-12-04 21:03:23,130 | root | INFO |  目录 data7 完成：同步 1 张表
2025-12-04 21:03:23,130 | root | INFO |  全部完成！共处理 4 个文件，同步 4 张表到对应数据库
2025-12-04 21:04:43,241 | root | INFO | 开始多目录同步任务...
2025-12-04 21:04:43,241 | root | INFO |  处理目录: data → 数据库: kayson_db (1) 个文件）
2025-12-04 21:04:43,241 | root | INFO |  开始处理文件：2025年销售明细1121.xlsx → 数据库: kayson_db
2025-12-04 21:04:43,450 | root | INFO | 日期列 '日期' 已转换 (2025年销售明细1121.xlsx/Sheet1)
2025-12-04 21:04:43,486 | root | INFO | ✅ MySQL 连接数据库 {database} 成功
2025-12-04 21:04:43,497 | root | INFO | ✅ 表 `table_2025年销售明细1121_sheet1` 已创建
2025-12-04 21:04:43,627 | root | INFO | ✅ 同步成功：表 `table_2025年销售明细1121_sheet1` ← 1658 行
2025-12-04 21:04:43,628 | root | INFO |  目录 data 完成：同步 1 张表
2025-12-04 21:04:43,628 | root | INFO |  处理目录: data1 → 数据库: kayson_db1 (1) 个文件）
2025-12-04 21:04:43,628 | root | INFO |  开始处理文件：Nigeria.xlsx → 数据库: kayson_db1
2025-12-04 21:04:47,478 | root | INFO | 金额列 'Revenue' 已处理 (Nigeria.xlsx/Nigeria)
2025-12-04 21:04:47,507 | root | INFO | ✅ MySQL 连接数据库 {database} 成功
2025-12-04 21:04:47,536 | root | INFO | ✅ 表 `Nigeria_nigeria` 已创建
2025-12-04 21:04:49,994 | root | INFO | ✅ 同步成功：表 `Nigeria_nigeria` ← 204905 行
2025-12-04 21:04:50,014 | root | INFO |  目录 data1 完成：同步 1 张表
2025-12-04 21:04:50,014 | root | INFO |  处理目录: data2 → 数据库: kayson_db2 (1) 个文件）
2025-12-04 21:04:50,014 | root | INFO |  开始处理文件：Germany.xlsx → 数据库: kayson_db2
2025-12-04 21:04:52,584 | root | INFO | 金额列 'Revenue' 已处理 (Germany.xlsx/Germany)
2025-12-04 21:04:52,601 | root | INFO | ✅ MySQL 连接数据库 {database} 成功
2025-12-04 21:04:52,628 | root | INFO | ✅ 表 `Germany_germany` 已创建
2025-12-04 21:04:54,291 | root | INFO | ✅ 同步成功：表 `Germany_germany` ← 137619 行
2025-12-04 21:04:54,304 | root | INFO |  目录 data2 完成：同步 1 张表
2025-12-04 21:04:54,304 | root | INFO |  目录 data3 下无待处理文件
2025-12-04 21:04:54,304 | root | INFO |  目录 data4 下无待处理文件
2025-12-04 21:04:54,304 | root | INFO |  目录 data5 下无待处理文件
2025-12-04 21:04:54,304 | root | INFO |  目录 data6 下无待处理文件
2025-12-04 21:04:54,304 | root | INFO |  处理目录: data7 → 数据库: kayson_db7 (1) 个文件）
2025-12-04 21:04:54,304 | root | INFO |  开始处理文件：Canada.csv → 数据库: kayson_db7
2025-12-04 21:04:54,338 | root | INFO | 日期列 'Date' 已转换 (Canada.csv)
2025-12-04 21:04:54,358 | root | INFO | 金额列 'Revenue' 已处理 (Canada.csv)
2025-12-04 21:04:54,372 | root | INFO | ✅ MySQL 连接数据库 {database} 成功
2025-12-04 21:04:54,404 | root | INFO | ✅ 表 `Canada` 已创建
2025-12-04 21:04:55,015 | root | INFO | ✅ 同步成功：表 `Canada` ← 46102 行
2025-12-04 21:04:55,018 | root | INFO |  目录 data7 完成：同步 1 张表
2025-12-04 21:04:55,019 | root | INFO |  全部完成！共处理 4 个文件，同步 4 张表到对应数据库
2025-12-05 10:57:45,125 | root | INFO | 开始多目录同步任务...
2025-12-05 10:57:45,125 | root | INFO |  处理目录: data → 数据库: kayson_db (1) 个文件）
2025-12-05 10:57:45,125 | root | INFO |  开始处理文件：2025年销售明细1121.xlsx → 数据库: kayson_db
2025-12-05 10:57:45,438 | root | INFO | 日期列 '日期' 已转换 (2025年销售明细1121.xlsx/Sheet1)
2025-12-05 10:57:45,467 | root | INFO | ✅ MySQL 连接数据库 {database} 成功
2025-12-05 10:57:45,492 | root | INFO | ✅ 表 `表_2025年销售明细1121_sheet1` 已创建
2025-12-05 10:57:45,623 | root | INFO | ✅ 同步成功：表 `表_2025年销售明细1121_sheet1` ← 1658 行
2025-12-05 10:57:45,625 | root | INFO |  目录 data 完成：同步 1 张表
2025-12-05 10:57:45,625 | root | INFO |  处理目录: data1 → 数据库: kayson_db1 (1) 个文件）
2025-12-05 10:57:45,625 | root | INFO |  开始处理文件：Nigeria.xlsx → 数据库: kayson_db1
2025-12-05 10:57:49,960 | root | INFO | 金额列 'Revenue' 已处理 (Nigeria.xlsx/Nigeria)
2025-12-05 10:57:49,966 | root | INFO | ✅ MySQL 连接数据库 {database} 成功
2025-12-05 10:57:49,996 | root | INFO | ✅ 表 `Nigeria_nigeria` 已创建
2025-12-05 10:57:53,026 | root | INFO | ✅ 同步成功：表 `Nigeria_nigeria` ← 204905 行
2025-12-05 10:57:53,051 | root | INFO |  目录 data1 完成：同步 1 张表
2025-12-05 10:57:53,051 | root | INFO |  处理目录: data2 → 数据库: kayson_db2 (1) 个文件）
2025-12-05 10:57:53,051 | root | INFO |  开始处理文件：Germany.xlsx → 数据库: kayson_db2
2025-12-05 10:57:56,055 | root | INFO | 金额列 'Revenue' 已处理 (Germany.xlsx/Germany)
2025-12-05 10:57:56,076 | root | INFO | ✅ MySQL 连接数据库 {database} 成功
2025-12-05 10:57:56,100 | root | INFO | ✅ 表 `Germany_germany` 已创建
2025-12-05 10:57:58,161 | root | INFO | ✅ 同步成功：表 `Germany_germany` ← 137619 行
2025-12-05 10:57:58,183 | root | INFO |  目录 data2 完成：同步 1 张表
2025-12-05 10:57:58,183 | root | INFO |  目录 data3 下无待处理文件
2025-12-05 10:57:58,183 | root | INFO |  目录 data4 下无待处理文件
2025-12-05 10:57:58,183 | root | INFO |  目录 data5 下无待处理文件
2025-12-05 10:57:58,184 | root | INFO |  目录 data6 下无待处理文件
2025-12-05 10:57:58,184 | root | INFO |  处理目录: data7 → 数据库: kayson_db7 (1) 个文件）
2025-12-05 10:57:58,184 | root | INFO |  开始处理文件：Canada.csv → 数据库: kayson_db7
2025-12-05 10:57:58,244 | root | INFO | 日期列 'Date' 已转换 (Canada.csv)
2025-12-05 10:57:58,266 | root | INFO | 金额列 'Revenue' 已处理 (Canada.csv)
2025-12-05 10:57:58,282 | root | INFO | ✅ MySQL 连接数据库 {database} 成功
2025-12-05 10:57:58,316 | root | INFO | ✅ 表 `Canada` 已创建
2025-12-05 10:57:59,060 | root | INFO | ✅ 同步成功：表 `Canada` ← 46102 行
2025-12-05 10:57:59,064 | root | INFO |  目录 data7 完成：同步 1 张表
2025-12-05 10:57:59,064 | root | INFO |  全部完成！共处理 4 个文件，同步 4 张表到对应数据库
2025-12-05 11:00:27,395 | root | INFO | 开始多目录同步任务...
2025-12-05 11:00:27,395 | root | INFO |  处理目录: data → 数据库: kayson_db (1) 个文件）
2025-12-05 11:00:27,395 | root | INFO |  开始处理文件：2025年销售明细1121.xlsx → 数据库: kayson_db
2025-12-05 11:00:27,702 | root | INFO | 日期列 '日期' 已转换 (2025年销售明细1121.xlsx/11月)
2025-12-05 11:00:27,715 | root | INFO | ✅ MySQL 连接数据库 {database} 成功
2025-12-05 11:00:27,751 | root | INFO | ✅ 表 `表_2025年销售明细1121_sheet_11` 已创建
2025-12-05 11:00:27,888 | root | INFO | ✅ 同步成功：表 `表_2025年销售明细1121_sheet_11` ← 1658 行
2025-12-05 11:00:27,890 | root | INFO |  目录 data 完成：同步 1 张表
2025-12-05 11:00:27,890 | root | INFO |  处理目录: data1 → 数据库: kayson_db1 (1) 个文件）
2025-12-05 11:00:27,890 | root | INFO |  开始处理文件：Nigeria.xlsx → 数据库: kayson_db1
2025-12-05 11:00:32,761 | root | INFO | 金额列 'Revenue' 已处理 (Nigeria.xlsx/Nigeria)
2025-12-05 11:00:32,772 | root | INFO | ✅ MySQL 连接数据库 {database} 成功
2025-12-05 11:00:32,801 | root | INFO | ✅ 表 `Nigeria_nigeria` 已创建
2025-12-05 11:00:36,099 | root | INFO | ✅ 同步成功：表 `Nigeria_nigeria` ← 204905 行
2025-12-05 11:00:36,124 | root | INFO |  目录 data1 完成：同步 1 张表
2025-12-05 11:00:36,125 | root | INFO |  处理目录: data2 → 数据库: kayson_db2 (1) 个文件）
2025-12-05 11:00:36,125 | root | INFO |  开始处理文件：Germany.xlsx → 数据库: kayson_db2
2025-12-05 11:00:38,851 | root | INFO | 金额列 'Revenue' 已处理 (Germany.xlsx/Germany)
2025-12-05 11:00:38,856 | root | INFO | ✅ MySQL 连接数据库 {database} 成功
2025-12-05 11:00:38,877 | root | INFO | ✅ 表 `Germany_germany` 已创建
2025-12-05 11:00:40,778 | root | INFO | ✅ 同步成功：表 `Germany_germany` ← 137619 行
2025-12-05 11:00:40,799 | root | INFO |  目录 data2 完成：同步 1 张表
2025-12-05 11:00:40,799 | root | INFO |  目录 data3 下无待处理文件
2025-12-05 11:00:40,799 | root | INFO |  目录 data4 下无待处理文件
2025-12-05 11:00:40,799 | root | INFO |  目录 data5 下无待处理文件
2025-12-05 11:00:40,799 | root | INFO |  目录 data6 下无待处理文件
2025-12-05 11:00:40,800 | root | INFO |  处理目录: data7 → 数据库: kayson_db7 (1) 个文件）
2025-12-05 11:00:40,800 | root | INFO |  开始处理文件：Canada.csv → 数据库: kayson_db7
2025-12-05 11:00:40,840 | root | INFO | 日期列 'Date' 已转换 (Canada.csv)
2025-12-05 11:00:40,860 | root | INFO | 金额列 'Revenue' 已处理 (Canada.csv)
2025-12-05 11:00:40,863 | root | INFO | ✅ MySQL 连接数据库 {database} 成功
2025-12-05 11:00:40,887 | root | INFO | ✅ 表 `Canada` 已创建
2025-12-05 11:00:41,584 | root | INFO | ✅ 同步成功：表 `Canada` ← 46102 行
2025-12-05 11:00:41,589 | root | INFO |  目录 data7 完成：同步 1 张表
2025-12-05 11:00:41,589 | root | INFO |  全部完成！共处理 4 个文件，同步 4 张表到对应数据库
2025-12-05 11:57:15,277 | root | INFO | 开始多目录同步任务...
2025-12-05 11:57:15,277 | root | INFO |  处理目录: data → 数据库: kayson_db (1) 个文件）
2025-12-05 11:57:15,277 | root | INFO |  开始处理文件：2025年销售明细1121.xlsx → 数据库: kayson_db
2025-12-05 11:57:15,581 | root | INFO | 日期列 '日期' 已转换 (2025年销售明细1121.xlsx/11月)
2025-12-05 11:57:15,596 | root | INFO | ✅ MySQL 连接数据库 {database} 成功
2025-12-05 11:57:15,628 | root | INFO | ✅ 表 `表_2025年销售明细1121_sheet_11` 已创建
2025-12-05 11:57:15,777 | root | INFO | ✅ 同步成功：表 `表_2025年销售明细1121_sheet_11` ← 1658 行
2025-12-05 11:57:15,828 | root | INFO | ✅ MySQL 连接数据库 {database} 成功
2025-12-05 11:57:15,860 | root | INFO | ✅ 表 `表_2025年销售明细1121_sheet_12` 已创建
2025-12-05 11:57:15,894 | root | INFO | ✅ 同步成功：表 `表_2025年销售明细1121_sheet_12` ← 19 行
2025-12-05 11:57:15,937 | root | INFO | ✅ MySQL 连接数据库 {database} 成功
2025-12-05 11:57:15,973 | root | INFO | ✅ 表 `表_2025年销售明细1121_sheet` 已创建
2025-12-05 11:57:16,010 | root | ERROR | ❌ 同步失败：`表_2025年销售明细1121_sheet` - not enough arguments for format string
Traceback (most recent call last):
  File "E:\PycharmProjects\excel_to_mysql\excel_to_mysql.py", line 202, in sync_dataframe_to_table
    cursor.executemany(sql, data)
    ~~~~~~~~~~~~~~~~~~^^^^^^^^^^^
  File "E:\PycharmProjects\excel_to_mysql\.venv\Lib\site-packages\pymysql\cursors.py", line 178, in executemany
    q_prefix = m.group(1) % ()
               ~~~~~~~~~~~^~~~
TypeError: not enough arguments for format string
2025-12-05 11:57:16,033 | root | INFO |  目录 data 完成：同步 2 张表
2025-12-05 11:57:16,033 | root | INFO |  处理目录: data1 → 数据库: kayson_db1 (1) 个文件）
2025-12-05 11:57:16,033 | root | INFO |  开始处理文件：Nigeria.xlsx → 数据库: kayson_db1
2025-12-05 11:57:21,349 | root | INFO | 金额列 'Revenue' 已处理 (Nigeria.xlsx/Nigeria)
2025-12-05 11:57:21,375 | root | INFO | ✅ MySQL 连接数据库 {database} 成功
2025-12-05 11:57:21,435 | root | INFO | ✅ 表 `Nigeria` 已创建
2025-12-05 11:57:25,199 | root | INFO | ✅ 同步成功：表 `Nigeria` ← 204905 行
2025-12-05 11:57:25,224 | root | INFO |  目录 data1 完成：同步 1 张表
2025-12-05 11:57:25,225 | root | INFO |  处理目录: data2 → 数据库: kayson_db2 (1) 个文件）
2025-12-05 11:57:25,225 | root | INFO |  开始处理文件：Germany.xlsx → 数据库: kayson_db2
2025-12-05 11:57:28,942 | root | INFO | 金额列 'Revenue' 已处理 (Germany.xlsx/Germany)
2025-12-05 11:57:28,948 | root | INFO | ✅ MySQL 连接数据库 {database} 成功
2025-12-05 11:57:28,991 | root | INFO | ✅ 表 `Germany` 已创建
2025-12-05 11:57:31,010 | root | INFO | ✅ 同步成功：表 `Germany` ← 137619 行
2025-12-05 11:57:31,026 | root | INFO |  目录 data2 完成：同步 1 张表
2025-12-05 11:57:31,027 | root | INFO |  目录 data3 下无待处理文件
2025-12-05 11:57:31,027 | root | INFO |  目录 data4 下无待处理文件
2025-12-05 11:57:31,027 | root | INFO |  目录 data5 下无待处理文件
2025-12-05 11:57:31,027 | root | INFO |  目录 data6 下无待处理文件
2025-12-05 11:57:31,027 | root | INFO |  处理目录: data7 → 数据库: kayson_db7 (1) 个文件）
2025-12-05 11:57:31,027 | root | INFO |  开始处理文件：Canada.csv → 数据库: kayson_db7
2025-12-05 11:57:31,076 | root | INFO | 日期列 'Date' 已转换 (Canada.csv)
2025-12-05 11:57:31,098 | root | INFO | 金额列 'Revenue' 已处理 (Canada.csv)
2025-12-05 11:57:31,112 | root | INFO | ✅ MySQL 连接数据库 {database} 成功
2025-12-05 11:57:31,136 | root | INFO | ✅ 表 `Canada` 已创建
2025-12-05 11:57:31,799 | root | INFO | ✅ 同步成功：表 `Canada` ← 46102 行
2025-12-05 11:57:31,806 | root | INFO |  目录 data7 完成：同步 1 张表
2025-12-05 11:57:31,806 | root | INFO |  全部完成！共处理 4 个文件，同步 5 张表到对应数据库
2025-12-05 11:59:47,492 | root | INFO | 开始多目录同步任务...
2025-12-05 11:59:47,493 | root | INFO |  处理目录: data → 数据库: kayson_db (1) 个文件）
2025-12-05 11:59:47,493 | root | INFO |  开始处理文件：2025年销售明细1121.xlsx → 数据库: kayson_db
2025-12-05 11:59:47,743 | root | INFO | 日期列 '日期' 已转换 (2025年销售明细1121.xlsx/11月)
2025-12-05 11:59:47,756 | root | INFO | ✅ MySQL 连接数据库 {database} 成功
2025-12-05 11:59:47,785 | root | INFO | ✅ 表 `表_2025年销售明细1121_sheet_11` 已创建
2025-12-05 11:59:47,904 | root | INFO | ✅ 同步成功：表 `表_2025年销售明细1121_sheet_11` ← 1658 行
2025-12-05 11:59:47,940 | root | INFO | ✅ MySQL 连接数据库 {database} 成功
2025-12-05 11:59:47,965 | root | INFO | ✅ 表 `表_2025年销售明细1121_sheet_12` 已创建
2025-12-05 11:59:47,998 | root | INFO | ✅ 同步成功：表 `表_2025年销售明细1121_sheet_12` ← 19 行
2025-12-05 11:59:48,035 | root | INFO | ✅ MySQL 连接数据库 {database} 成功
2025-12-05 11:59:48,055 | root | INFO | ✅ 表 `表_2025年销售明细1121_sheet` 已创建
2025-12-05 11:59:48,078 | root | ERROR | ❌ 同步失败：`表_2025年销售明细1121_sheet` - not enough arguments for format string
Traceback (most recent call last):
  File "E:\PycharmProjects\excel_to_mysql\excel_to_mysql.py", line 202, in sync_dataframe_to_table
    cursor.executemany(sql, data)
    ~~~~~~~~~~~~~~~~~~^^^^^^^^^^^
  File "E:\PycharmProjects\excel_to_mysql\.venv\Lib\site-packages\pymysql\cursors.py", line 178, in executemany
    q_prefix = m.group(1) % ()
               ~~~~~~~~~~~^~~~
TypeError: not enough arguments for format string
2025-12-05 11:59:48,079 | root | INFO |  目录 data 完成：同步 2 张表
2025-12-05 11:59:48,080 | root | INFO |  处理目录: data1 → 数据库: kayson_db1 (1) 个文件）
2025-12-05 11:59:48,080 | root | INFO |  开始处理文件：Nigeria.xlsx → 数据库: kayson_db1
2025-12-05 11:59:52,322 | root | INFO | 金额列 'Revenue' 已处理 (Nigeria.xlsx/Nigeria)
2025-12-05 11:59:52,328 | root | INFO | ✅ MySQL 连接数据库 {database} 成功
2025-12-05 11:59:52,371 | root | INFO | ✅ 表 `Nigeria` 已创建
2025-12-05 11:59:55,296 | root | INFO | ✅ 同步成功：表 `Nigeria` ← 204905 行
2025-12-05 11:59:55,318 | root | INFO |  目录 data1 完成：同步 1 张表
2025-12-05 11:59:55,318 | root | INFO |  处理目录: data2 → 数据库: kayson_db2 (1) 个文件）
2025-12-05 11:59:55,318 | root | INFO |  开始处理文件：Germany.xlsx → 数据库: kayson_db2
2025-12-05 11:59:58,421 | root | INFO | 金额列 'Revenue' 已处理 (Germany.xlsx/Germany)
2025-12-05 11:59:58,443 | root | INFO | ✅ MySQL 连接数据库 {database} 成功
2025-12-05 11:59:58,490 | root | INFO | ✅ 表 `Germany` 已创建
2025-12-05 12:00:00,448 | root | INFO | ✅ 同步成功：表 `Germany` ← 137619 行
2025-12-05 12:00:00,463 | root | INFO |  目录 data2 完成：同步 1 张表
2025-12-05 12:00:00,463 | root | INFO |  目录 data3 下无待处理文件
2025-12-05 12:00:00,463 | root | INFO |  目录 data4 下无待处理文件
2025-12-05 12:00:00,463 | root | INFO |  目录 data5 下无待处理文件
2025-12-05 12:00:00,463 | root | INFO |  目录 data6 下无待处理文件
2025-12-05 12:00:00,463 | root | INFO |  处理目录: data7 → 数据库: kayson_db7 (1) 个文件）
2025-12-05 12:00:00,463 | root | INFO |  开始处理文件：Canada.csv → 数据库: kayson_db7
2025-12-05 12:00:00,511 | root | INFO | 日期列 'Date' 已转换 (Canada.csv)
2025-12-05 12:00:00,530 | root | INFO | 金额列 'Revenue' 已处理 (Canada.csv)
2025-12-05 12:00:00,552 | root | INFO | ✅ MySQL 连接数据库 {database} 成功
2025-12-05 12:00:00,597 | root | INFO | ✅ 表 `Canada` 已创建
2025-12-05 12:00:01,275 | root | INFO | ✅ 同步成功：表 `Canada` ← 46102 行
2025-12-05 12:00:01,280 | root | INFO |  目录 data7 完成：同步 1 张表
2025-12-05 12:00:01,280 | root | INFO |  全部完成！共处理 4 个文件，同步 5 张表到对应数据库
2025-12-05 13:53:32,199 | root | INFO | 开始多目录同步任务...
2025-12-05 13:53:32,199 | root | INFO |  处理目录: data → 数据库: kayson_db (1) 个文件）
2025-12-05 13:53:32,199 | root | INFO |  开始处理文件：2025年销售明细1121.xlsx → 数据库: kayson_db
2025-12-05 13:53:32,498 | root | INFO | 日期列 '日期' 已转换 (2025年销售明细1121.xlsx/11月)
2025-12-05 13:53:32,511 | root | INFO | ✅ MySQL 连接数据库 {database} 成功
2025-12-05 13:53:32,542 | root | INFO | ✅ 表 `表_2025年销售明细1121_sheet_11月` 已创建
2025-12-05 13:53:32,706 | root | INFO | ✅ 同步成功：表 `表_2025年销售明细1121_sheet_11月` ← 1658 行
2025-12-05 13:53:32,733 | root | INFO | ✅ MySQL 连接数据库 {database} 成功
2025-12-05 13:53:32,763 | root | INFO | ✅ 表 `表_2025年销售明细1121_sheet_12月` 已创建
2025-12-05 13:53:32,795 | root | INFO | ✅ 同步成功：表 `表_2025年销售明细1121_sheet_12月` ← 19 行
2025-12-05 13:53:32,830 | root | INFO | ✅ MySQL 连接数据库 {database} 成功
2025-12-05 13:53:32,863 | root | INFO | ✅ 表 `表_2025年销售明细1121_特殊` 已创建
2025-12-05 13:53:32,906 | root | INFO | ✅ 同步成功：表 `表_2025年销售明细1121_特殊` ← 5 行
2025-12-05 13:53:32,906 | root | INFO |  目录 data 完成：同步 3 张表
2025-12-05 13:53:32,906 | root | INFO |  处理目录: data1 → 数据库: kayson_db1 (1) 个文件）
2025-12-05 13:53:32,906 | root | INFO |  开始处理文件：Nigeria.xlsx → 数据库: kayson_db1
2025-12-05 13:53:38,007 | root | INFO | 金额列 'Revenue' 已处理 (Nigeria.xlsx/Nigeria)
2025-12-05 13:53:38,033 | root | INFO | ✅ MySQL 连接数据库 {database} 成功
2025-12-05 13:53:38,109 | root | INFO | ✅ 表 `Nigeria` 已创建
2025-12-05 13:53:41,787 | root | INFO | ✅ 同步成功：表 `Nigeria` ← 204905 行
2025-12-05 13:53:41,818 | root | INFO |  目录 data1 完成：同步 1 张表
2025-12-05 13:53:41,818 | root | INFO |  处理目录: data2 → 数据库: kayson_db2 (1) 个文件）
2025-12-05 13:53:41,818 | root | INFO |  开始处理文件：Germany.xlsx → 数据库: kayson_db2
2025-12-05 13:53:45,620 | root | INFO | 金额列 'Revenue' 已处理 (Germany.xlsx/Germany)
2025-12-05 13:53:45,627 | root | INFO | ✅ MySQL 连接数据库 {database} 成功
2025-12-05 13:53:45,668 | root | INFO | ✅ 表 `Germany` 已创建
2025-12-05 13:53:48,089 | root | INFO | ✅ 同步成功：表 `Germany` ← 137619 行
2025-12-05 13:53:48,106 | root | INFO |  目录 data2 完成：同步 1 张表
2025-12-05 13:53:48,106 | root | INFO |  目录 data3 下无待处理文件
2025-12-05 13:53:48,106 | root | INFO |  目录 data4 下无待处理文件
2025-12-05 13:53:48,106 | root | INFO |  目录 data5 下无待处理文件
2025-12-05 13:53:48,107 | root | INFO |  目录 data6 下无待处理文件
2025-12-05 13:53:48,107 | root | INFO |  处理目录: data7 → 数据库: kayson_db7 (1) 个文件）
2025-12-05 13:53:48,107 | root | INFO |  开始处理文件：Canada.csv → 数据库: kayson_db7
2025-12-05 13:53:48,164 | root | INFO | 日期列 'Date' 已转换 (Canada.csv)
2025-12-05 13:53:48,191 | root | INFO | 金额列 'Revenue' 已处理 (Canada.csv)
2025-12-05 13:53:48,204 | root | INFO | ✅ MySQL 连接数据库 {database} 成功
2025-12-05 13:53:48,288 | root | INFO | ✅ 表 `Canada` 已创建
2025-12-05 13:53:49,131 | root | INFO | ✅ 同步成功：表 `Canada` ← 46102 行
2025-12-05 13:53:49,137 | root | INFO |  目录 data7 完成：同步 1 张表
2025-12-05 13:53:49,137 | root | INFO |  全部完成！共处理 4 个文件，同步 6 张表到对应数据库
2025-12-05 14:06:05,928 | root | INFO | 开始多目录同步任务...
2025-12-05 14:06:05,928 | root | INFO |  处理目录: data → 数据库: kayson_db (1) 个文件）
2025-12-05 14:06:05,928 | root | INFO |  开始处理文件：2025年销售明细1121.xlsx → 数据库: kayson_db
2025-12-05 14:06:06,269 | root | INFO | 日期列 '日期' 已转换 (2025年销售明细1121.xlsx/11月)
2025-12-05 14:06:06,279 | root | INFO | ✅ MySQL 连接数据库 {database} 成功
2025-12-05 14:06:06,329 | root | INFO | ✅ 表 `表_2025年销售明细1121_tbl_11月` 已创建
2025-12-05 14:06:06,480 | root | INFO | ✅ 同步成功：表 `表_2025年销售明细1121_tbl_11月` ← 1658 行
2025-12-05 14:06:06,518 | root | INFO | ✅ MySQL 连接数据库 {database} 成功
2025-12-05 14:06:06,549 | root | INFO | ✅ 表 `表_2025年销售明细1121_tbl_12月` 已创建
2025-12-05 14:06:06,585 | root | INFO | ✅ 同步成功：表 `表_2025年销售明细1121_tbl_12月` ← 19 行
2025-12-05 14:06:06,628 | root | INFO | ✅ MySQL 连接数据库 {database} 成功
2025-12-05 14:06:06,650 | root | INFO | ✅ 表 `表_2025年销售明细1121_特殊` 已创建
2025-12-05 14:06:06,690 | root | INFO | ✅ 同步成功：表 `表_2025年销售明细1121_特殊` ← 5 行
2025-12-05 14:06:06,690 | root | INFO |  目录 data 完成：同步 3 张表
2025-12-05 14:06:06,690 | root | INFO |  处理目录: data1 → 数据库: kayson_db1 (1) 个文件）
2025-12-05 14:06:06,690 | root | INFO |  开始处理文件：Nigeria.xlsx → 数据库: kayson_db1
2025-12-05 14:06:11,963 | root | INFO | 金额列 'Revenue' 已处理 (Nigeria.xlsx/Nigeria)
2025-12-05 14:06:11,991 | root | INFO | ✅ MySQL 连接数据库 {database} 成功
2025-12-05 14:06:12,048 | root | INFO | ✅ 表 `Nigeria` 已创建
2025-12-05 14:06:15,441 | root | INFO | ✅ 同步成功：表 `Nigeria` ← 204905 行
2025-12-05 14:06:15,469 | root | INFO |  目录 data1 完成：同步 1 张表
2025-12-05 14:06:15,469 | root | INFO |  处理目录: data2 → 数据库: kayson_db2 (1) 个文件）
2025-12-05 14:06:15,469 | root | INFO |  开始处理文件：Germany.xlsx → 数据库: kayson_db2
2025-12-05 14:06:18,765 | root | INFO | 金额列 'Revenue' 已处理 (Germany.xlsx/Germany)
2025-12-05 14:06:18,788 | root | INFO | ✅ MySQL 连接数据库 {database} 成功
2025-12-05 14:06:18,840 | root | INFO | ✅ 表 `Germany` 已创建
2025-12-05 14:06:20,785 | root | INFO | ✅ 同步成功：表 `Germany` ← 137619 行
2025-12-05 14:06:20,800 | root | INFO |  目录 data2 完成：同步 1 张表
2025-12-05 14:06:20,801 | root | INFO |  目录 data3 下无待处理文件
2025-12-05 14:06:20,801 | root | INFO |  目录 data4 下无待处理文件
2025-12-05 14:06:20,801 | root | INFO |  目录 data5 下无待处理文件
2025-12-05 14:06:20,801 | root | INFO |  目录 data6 下无待处理文件
2025-12-05 14:06:20,801 | root | INFO |  处理目录: data7 → 数据库: kayson_db7 (1) 个文件）
2025-12-05 14:06:20,801 | root | INFO |  开始处理文件：Canada.csv → 数据库: kayson_db7
2025-12-05 14:06:20,846 | root | INFO | 日期列 'Date' 已转换 (Canada.csv)
2025-12-05 14:06:20,867 | root | INFO | 金额列 'Revenue' 已处理 (Canada.csv)
2025-12-05 14:06:20,880 | root | INFO | ✅ MySQL 连接数据库 {database} 成功
2025-12-05 14:06:20,936 | root | INFO | ✅ 表 `Canada` 已创建
2025-12-05 14:06:21,656 | root | INFO | ✅ 同步成功：表 `Canada` ← 46102 行
2025-12-05 14:06:21,661 | root | INFO |  目录 data7 完成：同步 1 张表
2025-12-05 14:06:21,661 | root | INFO |  全部完成！共处理 4 个文件，同步 6 张表到对应数据库
2025-12-05 14:07:22,758 | root | INFO | 开始多目录同步任务...
2025-12-05 14:07:22,758 | root | INFO |  处理目录: data → 数据库: kayson_db (1) 个文件）
2025-12-05 14:07:22,758 | root | INFO |  开始处理文件：2025年销售明细1121.xlsx → 数据库: kayson_db
2025-12-05 14:07:23,065 | root | INFO | 日期列 '日期' 已转换 (2025年销售明细1121.xlsx/11月)
2025-12-05 14:07:23,077 | root | INFO | ✅ MySQL 连接数据库 {database} 成功
2025-12-05 14:07:23,118 | root | INFO | ✅ 表 `表_2025年销售明细1121_unnamed11月` 已创建
2025-12-05 14:07:23,258 | root | INFO | ✅ 同步成功：表 `表_2025年销售明细1121_unnamed11月` ← 1658 行
2025-12-05 14:07:23,299 | root | INFO | ✅ MySQL 连接数据库 {database} 成功
2025-12-05 14:07:23,327 | root | INFO | ✅ 表 `表_2025年销售明细1121_unnamed12月` 已创建
2025-12-05 14:07:23,364 | root | INFO | ✅ 同步成功：表 `表_2025年销售明细1121_unnamed12月` ← 19 行
2025-12-05 14:07:23,392 | root | INFO | ✅ MySQL 连接数据库 {database} 成功
2025-12-05 14:07:23,425 | root | INFO | ✅ 表 `表_2025年销售明细1121_特殊` 已创建
2025-12-05 14:07:23,462 | root | INFO | ✅ 同步成功：表 `表_2025年销售明细1121_特殊` ← 5 行
2025-12-05 14:07:23,462 | root | INFO |  目录 data 完成：同步 3 张表
2025-12-05 14:07:23,462 | root | INFO |  处理目录: data1 → 数据库: kayson_db1 (1) 个文件）
2025-12-05 14:07:23,462 | root | INFO |  开始处理文件：Nigeria.xlsx → 数据库: kayson_db1
2025-12-05 14:07:28,903 | root | INFO | 金额列 'Revenue' 已处理 (Nigeria.xlsx/Nigeria)
2025-12-05 14:07:28,934 | root | INFO | ✅ MySQL 连接数据库 {database} 成功
2025-12-05 14:07:28,974 | root | INFO | ✅ 表 `Nigeria` 已创建
2025-12-05 14:07:32,551 | root | INFO | ✅ 同步成功：表 `Nigeria` ← 204905 行
2025-12-05 14:07:32,578 | root | INFO |  目录 data1 完成：同步 1 张表
2025-12-05 14:07:32,578 | root | INFO |  处理目录: data2 → 数据库: kayson_db2 (1) 个文件）
2025-12-05 14:07:32,578 | root | INFO |  开始处理文件：Germany.xlsx → 数据库: kayson_db2
2025-12-05 14:07:36,958 | root | INFO | 金额列 'Revenue' 已处理 (Germany.xlsx/Germany)
2025-12-05 14:07:36,976 | root | INFO | ✅ MySQL 连接数据库 {database} 成功
2025-12-05 14:07:37,002 | root | INFO | ✅ 表 `Germany` 已创建
2025-12-05 14:07:39,586 | root | INFO | ✅ 同步成功：表 `Germany` ← 137619 行
2025-12-05 14:07:39,605 | root | INFO |  目录 data2 完成：同步 1 张表
2025-12-05 14:07:39,605 | root | INFO |  目录 data3 下无待处理文件
2025-12-05 14:07:39,606 | root | INFO |  目录 data4 下无待处理文件
2025-12-05 14:07:39,606 | root | INFO |  目录 data5 下无待处理文件
2025-12-05 14:07:39,606 | root | INFO |  目录 data6 下无待处理文件
2025-12-05 14:07:39,606 | root | INFO |  处理目录: data7 → 数据库: kayson_db7 (1) 个文件）
2025-12-05 14:07:39,606 | root | INFO |  开始处理文件：Canada.csv → 数据库: kayson_db7
2025-12-05 14:07:39,663 | root | INFO | 日期列 'Date' 已转换 (Canada.csv)
2025-12-05 14:07:39,693 | root | INFO | 金额列 'Revenue' 已处理 (Canada.csv)
2025-12-05 14:07:39,721 | root | INFO | ✅ MySQL 连接数据库 {database} 成功
2025-12-05 14:07:39,762 | root | INFO | ✅ 表 `Canada` 已创建
2025-12-05 14:07:40,723 | root | INFO | ✅ 同步成功：表 `Canada` ← 46102 行
2025-12-05 14:07:40,727 | root | INFO |  目录 data7 完成：同步 1 张表
2025-12-05 14:07:40,727 | root | INFO |  全部完成！共处理 4 个文件，同步 6 张表到对应数据库
2025-12-05 14:08:15,031 | root | INFO | 开始多目录同步任务...
2025-12-05 14:08:15,032 | root | INFO |  处理目录: data → 数据库: kayson_db (1) 个文件）
2025-12-05 14:08:15,032 | root | INFO |  开始处理文件：2025年销售明细1121.xlsx → 数据库: kayson_db
2025-12-05 14:08:15,361 | root | INFO | 日期列 '日期' 已转换 (2025年销售明细1121.xlsx/11月)
2025-12-05 14:08:15,373 | root | INFO | ✅ MySQL 连接数据库 {database} 成功
2025-12-05 14:08:15,410 | root | INFO | ✅ 表 `表_2025年销售明细1121_11月` 已创建
2025-12-05 14:08:15,601 | root | INFO | ✅ 同步成功：表 `表_2025年销售明细1121_11月` ← 1658 行
2025-12-05 14:08:15,645 | root | INFO | ✅ MySQL 连接数据库 {database} 成功
2025-12-05 14:08:15,672 | root | INFO | ✅ 表 `表_2025年销售明细1121_12月` 已创建
2025-12-05 14:08:15,707 | root | INFO | ✅ 同步成功：表 `表_2025年销售明细1121_12月` ← 19 行
2025-12-05 14:08:15,737 | root | INFO | ✅ MySQL 连接数据库 {database} 成功
2025-12-05 14:08:15,762 | root | INFO | ✅ 表 `表_2025年销售明细1121_特殊` 已创建
2025-12-05 14:08:15,796 | root | INFO | ✅ 同步成功：表 `表_2025年销售明细1121_特殊` ← 5 行
2025-12-05 14:08:15,796 | root | INFO |  目录 data 完成：同步 3 张表
2025-12-05 14:08:15,796 | root | INFO |  处理目录: data1 → 数据库: kayson_db1 (1) 个文件）
2025-12-05 14:08:15,796 | root | INFO |  开始处理文件：Nigeria.xlsx → 数据库: kayson_db1
2025-12-05 14:08:21,158 | root | INFO | 金额列 'Revenue' 已处理 (Nigeria.xlsx/Nigeria)
2025-12-05 14:08:21,179 | root | INFO | ✅ MySQL 连接数据库 {database} 成功
2025-12-05 14:08:21,211 | root | INFO | ✅ 表 `Nigeria` 已创建
2025-12-05 14:08:24,584 | root | INFO | ✅ 同步成功：表 `Nigeria` ← 204905 行
2025-12-05 14:08:24,607 | root | INFO |  目录 data1 完成：同步 1 张表
2025-12-05 14:08:24,608 | root | INFO |  处理目录: data2 → 数据库: kayson_db2 (1) 个文件）
2025-12-05 14:08:24,608 | root | INFO |  开始处理文件：Germany.xlsx → 数据库: kayson_db2
2025-12-05 14:08:28,237 | root | INFO | 金额列 'Revenue' 已处理 (Germany.xlsx/Germany)
2025-12-05 14:08:28,264 | root | INFO | ✅ MySQL 连接数据库 {database} 成功
2025-12-05 14:08:28,289 | root | INFO | ✅ 表 `Germany` 已创建
2025-12-05 14:08:30,662 | root | INFO | ✅ 同步成功：表 `Germany` ← 137619 行
2025-12-05 14:08:30,681 | root | INFO |  目录 data2 完成：同步 1 张表
2025-12-05 14:08:30,681 | root | INFO |  目录 data3 下无待处理文件
2025-12-05 14:08:30,681 | root | INFO |  目录 data4 下无待处理文件
2025-12-05 14:08:30,681 | root | INFO |  目录 data5 下无待处理文件
2025-12-05 14:08:30,681 | root | INFO |  目录 data6 下无待处理文件
2025-12-05 14:08:30,681 | root | INFO |  处理目录: data7 → 数据库: kayson_db7 (1) 个文件）
2025-12-05 14:08:30,681 | root | INFO |  开始处理文件：Canada.csv → 数据库: kayson_db7
2025-12-05 14:08:30,742 | root | INFO | 日期列 'Date' 已转换 (Canada.csv)
2025-12-05 14:08:30,768 | root | INFO | 金额列 'Revenue' 已处理 (Canada.csv)
2025-12-05 14:08:30,783 | root | INFO | ✅ MySQL 连接数据库 {database} 成功
2025-12-05 14:08:30,814 | root | INFO | ✅ 表 `Canada` 已创建
2025-12-05 14:08:31,703 | root | INFO | ✅ 同步成功：表 `Canada` ← 46102 行
2025-12-05 14:08:31,707 | root | INFO |  目录 data7 完成：同步 1 张表
2025-12-05 14:08:31,707 | root | INFO |  全部完成！共处理 4 个文件，同步 6 张表到对应数据库
2025-12-05 14:09:29,323 | root | INFO | 开始多目录同步任务...
2025-12-05 14:09:29,323 | root | INFO |  处理目录: data → 数据库: kayson_db (1) 个文件）
2025-12-05 14:09:29,323 | root | INFO |  开始处理文件：2025年销售明细1121.xlsx → 数据库: kayson_db
2025-12-05 14:09:29,645 | root | INFO | 日期列 '日期' 已转换 (2025年销售明细1121.xlsx/11月)
2025-12-05 14:09:29,656 | root | INFO | ✅ MySQL 连接数据库 `{database}` 成功
2025-12-05 14:09:29,702 | root | INFO | ✅ 表 `表_2025年销售明细1121_11月` 已创建
2025-12-05 14:09:29,862 | root | INFO | ✅ 同步成功：表 `表_2025年销售明细1121_11月` ← 1658 行
2025-12-05 14:09:29,908 | root | INFO | ✅ MySQL 连接数据库 `{database}` 成功
2025-12-05 14:09:29,940 | root | INFO | ✅ 表 `表_2025年销售明细1121_12月` 已创建
2025-12-05 14:09:29,982 | root | INFO | ✅ 同步成功：表 `表_2025年销售明细1121_12月` ← 19 行
2025-12-05 14:09:30,016 | root | INFO | ✅ MySQL 连接数据库 `{database}` 成功
2025-12-05 14:09:30,047 | root | INFO | ✅ 表 `表_2025年销售明细1121_特殊` 已创建
2025-12-05 14:09:30,088 | root | INFO | ✅ 同步成功：表 `表_2025年销售明细1121_特殊` ← 5 行
2025-12-05 14:09:30,089 | root | INFO |  目录 data 完成：同步 3 张表
2025-12-05 14:09:30,089 | root | INFO |  处理目录: data1 → 数据库: kayson_db1 (1) 个文件）
2025-12-05 14:09:30,090 | root | INFO |  开始处理文件：Nigeria.xlsx → 数据库: kayson_db1
2025-12-05 14:09:35,402 | root | INFO | 金额列 'Revenue' 已处理 (Nigeria.xlsx/Nigeria)
2025-12-05 14:09:35,409 | root | INFO | ✅ MySQL 连接数据库 `{database}` 成功
2025-12-05 14:09:35,441 | root | INFO | ✅ 表 `Nigeria` 已创建
2025-12-05 14:09:38,671 | root | INFO | ✅ 同步成功：表 `Nigeria` ← 204905 行
2025-12-05 14:09:38,695 | root | INFO |  目录 data1 完成：同步 1 张表
2025-12-05 14:09:38,695 | root | INFO |  处理目录: data2 → 数据库: kayson_db2 (1) 个文件）
2025-12-05 14:09:38,695 | root | INFO |  开始处理文件：Germany.xlsx → 数据库: kayson_db2
2025-12-05 14:09:41,904 | root | INFO | 金额列 'Revenue' 已处理 (Germany.xlsx/Germany)
2025-12-05 14:09:41,934 | root | INFO | ✅ MySQL 连接数据库 `{database}` 成功
2025-12-05 14:09:41,957 | root | INFO | ✅ 表 `Germany` 已创建
2025-12-05 14:09:43,905 | root | INFO | ✅ 同步成功：表 `Germany` ← 137619 行
2025-12-05 14:09:43,919 | root | INFO |  目录 data2 完成：同步 1 张表
2025-12-05 14:09:43,919 | root | INFO |  目录 data3 下无待处理文件
2025-12-05 14:09:43,919 | root | INFO |  目录 data4 下无待处理文件
2025-12-05 14:09:43,919 | root | INFO |  目录 data5 下无待处理文件
2025-12-05 14:09:43,919 | root | INFO |  目录 data6 下无待处理文件
2025-12-05 14:09:43,919 | root | INFO |  处理目录: data7 → 数据库: kayson_db7 (1) 个文件）
2025-12-05 14:09:43,919 | root | INFO |  开始处理文件：Canada.csv → 数据库: kayson_db7
2025-12-05 14:09:43,961 | root | INFO | 日期列 'Date' 已转换 (Canada.csv)
2025-12-05 14:09:43,981 | root | INFO | 金额列 'Revenue' 已处理 (Canada.csv)
2025-12-05 14:09:43,985 | root | INFO | ✅ MySQL 连接数据库 `{database}` 成功
2025-12-05 14:09:44,018 | root | INFO | ✅ 表 `Canada` 已创建
2025-12-05 14:09:44,717 | root | INFO | ✅ 同步成功：表 `Canada` ← 46102 行
2025-12-05 14:09:44,721 | root | INFO |  目录 data7 完成：同步 1 张表
2025-12-05 14:09:44,721 | root | INFO |  全部完成！共处理 4 个文件，同步 6 张表到对应数据库
2025-12-05 14:11:30,063 | root | INFO | 开始多目录同步任务...
2025-12-05 14:11:30,063 | root | INFO |  处理目录: data → 数据库: kayson_db (1) 个文件）
2025-12-05 14:11:30,063 | root | INFO |  开始处理文件：2025年销售明细1121.xlsx → 数据库: kayson_db
2025-12-05 14:11:30,365 | root | INFO | 日期列 '日期' 已转换 (2025年销售明细1121.xlsx/11月)
2025-12-05 14:11:30,389 | root | INFO | ✅ MySQL 连接数据库 kayson_db 成功
2025-12-05 14:11:30,406 | root | INFO | ✅ 表 `表_2025年销售明细1121_11月` 已创建
2025-12-05 14:11:30,576 | root | INFO | ✅ 同步成功：表 `表_2025年销售明细1121_11月` ← 1658 行
2025-12-05 14:11:30,598 | root | INFO | ✅ MySQL 连接数据库 kayson_db 成功
2025-12-05 14:11:30,606 | root | INFO | ✅ 表 `表_2025年销售明细1121_12月` 已创建
2025-12-05 14:11:30,641 | root | INFO | ✅ 同步成功：表 `表_2025年销售明细1121_12月` ← 19 行
2025-12-05 14:11:30,670 | root | INFO | ✅ MySQL 连接数据库 kayson_db 成功
2025-12-05 14:11:30,678 | root | INFO | ✅ 表 `表_2025年销售明细1121_特殊` 已创建
2025-12-05 14:11:30,717 | root | INFO | ✅ 同步成功：表 `表_2025年销售明细1121_特殊` ← 5 行
2025-12-05 14:11:30,717 | root | INFO |  目录 data 完成：同步 3 张表
2025-12-05 14:11:30,718 | root | INFO |  处理目录: data1 → 数据库: kayson_db1 (1) 个文件）
2025-12-05 14:11:30,718 | root | INFO |  开始处理文件：Nigeria.xlsx → 数据库: kayson_db1
2025-12-05 14:11:36,084 | root | INFO | 金额列 'Revenue' 已处理 (Nigeria.xlsx/Nigeria)
2025-12-05 14:11:36,109 | root | INFO | ✅ MySQL 连接数据库 kayson_db1 成功
2025-12-05 14:11:36,144 | root | INFO | ✅ 表 `Nigeria` 已创建
2025-12-05 14:11:39,342 | root | INFO | ✅ 同步成功：表 `Nigeria` ← 204905 行
2025-12-05 14:11:39,364 | root | INFO |  目录 data1 完成：同步 1 张表
2025-12-05 14:11:39,364 | root | INFO |  处理目录: data2 → 数据库: kayson_db2 (1) 个文件）
2025-12-05 14:11:39,365 | root | INFO |  开始处理文件：Germany.xlsx → 数据库: kayson_db2
2025-12-05 14:11:42,489 | root | INFO | 金额列 'Revenue' 已处理 (Germany.xlsx/Germany)
2025-12-05 14:11:42,495 | root | INFO | ✅ MySQL 连接数据库 kayson_db2 成功
2025-12-05 14:11:42,518 | root | INFO | ✅ 表 `Germany` 已创建
2025-12-05 14:11:44,500 | root | INFO | ✅ 同步成功：表 `Germany` ← 137619 行
2025-12-05 14:11:44,516 | root | INFO |  目录 data2 完成：同步 1 张表
2025-12-05 14:11:44,516 | root | INFO |  目录 data3 下无待处理文件
2025-12-05 14:11:44,516 | root | INFO |  目录 data4 下无待处理文件
2025-12-05 14:11:44,517 | root | INFO |  目录 data5 下无待处理文件
2025-12-05 14:11:44,517 | root | INFO |  目录 data6 下无待处理文件
2025-12-05 14:11:44,517 | root | INFO |  处理目录: data7 → 数据库: kayson_db7 (1) 个文件）
2025-12-05 14:11:44,517 | root | INFO |  开始处理文件：Canada.csv → 数据库: kayson_db7
2025-12-05 14:11:44,558 | root | INFO | 日期列 'Date' 已转换 (Canada.csv)
2025-12-05 14:11:44,580 | root | INFO | 金额列 'Revenue' 已处理 (Canada.csv)
2025-12-05 14:11:44,600 | root | INFO | ✅ MySQL 连接数据库 kayson_db7 成功
2025-12-05 14:11:44,628 | root | INFO | ✅ 表 `Canada` 已创建
2025-12-05 14:11:45,331 | root | INFO | ✅ 同步成功：表 `Canada` ← 46102 行
2025-12-05 14:11:45,335 | root | INFO |  目录 data7 完成：同步 1 张表
2025-12-05 14:11:45,335 | root | INFO |  全部完成！共处理 4 个文件，同步 6 张表到对应数据库
2025-12-05 14:12:47,340 | root | INFO | 开始多目录同步任务...
2025-12-05 14:12:47,340 | root | INFO |  处理目录: data → 数据库: kayson_db (1) 个文件）
2025-12-05 14:12:47,340 | root | INFO |  开始处理文件：2025年销售明细1121.xlsx → 数据库: kayson_db
2025-12-05 14:12:47,640 | root | INFO | 日期列 '日期' 已转换 (2025年销售明细1121.xlsx/11月)
2025-12-05 14:12:47,655 | root | INFO | ✅ MySQL 连接数据库 kayson_db 成功
2025-12-05 14:12:47,692 | root | INFO | ✅ 表 `表_2025年销售明细1121_11月` 已创建
2025-12-05 14:12:47,841 | root | INFO | ✅ 同步成功：表 `表_2025年销售明细1121_11月` ← 1658 行
2025-12-05 14:12:47,887 | root | INFO | ✅ MySQL 连接数据库 kayson_db 成功
2025-12-05 14:12:47,917 | root | INFO | ✅ 表 `表_2025年销售明细1121_12月` 已创建
2025-12-05 14:12:47,951 | root | INFO | ✅ 同步成功：表 `表_2025年销售明细1121_12月` ← 19 行
2025-12-05 14:12:47,978 | root | INFO | ✅ MySQL 连接数据库 kayson_db 成功
2025-12-05 14:12:48,001 | root | INFO | ✅ 表 `表_2025年销售明细1121_特殊` 已创建
2025-12-05 14:12:48,037 | root | INFO | ✅ 同步成功：表 `表_2025年销售明细1121_特殊` ← 5 行
2025-12-05 14:12:48,037 | root | INFO |  目录 data 完成：同步 3 张表
2025-12-05 14:12:48,037 | root | INFO |  处理目录: data1 → 数据库: kayson_db1 (1) 个文件）
2025-12-05 14:12:48,037 | root | INFO |  开始处理文件：Nigeria.xlsx → 数据库: kayson_db1
2025-12-05 14:12:53,533 | root | INFO | 金额列 'Revenue' 已处理 (Nigeria.xlsx/Nigeria)
2025-12-05 14:12:53,552 | root | INFO | ✅ MySQL 连接数据库 kayson_db1 成功
2025-12-05 14:12:53,615 | root | INFO | ✅ 表 `Nigeria` 已创建
2025-12-05 14:12:57,193 | root | INFO | ✅ 同步成功：表 `Nigeria` ← 204905 行
2025-12-05 14:12:57,225 | root | INFO |  目录 data1 完成：同步 1 张表
2025-12-05 14:12:57,225 | root | INFO |  处理目录: data2 → 数据库: kayson_db2 (1) 个文件）
2025-12-05 14:12:57,225 | root | INFO |  开始处理文件：Germany.xlsx → 数据库: kayson_db2
2025-12-05 14:13:01,184 | root | INFO | 金额列 'Revenue' 已处理 (Germany.xlsx/Germany)
2025-12-05 14:13:01,190 | root | INFO | ✅ MySQL 连接数据库 kayson_db2 成功
2025-12-05 14:13:01,243 | root | INFO | ✅ 表 `Germany` 已创建
2025-12-05 14:13:03,665 | root | INFO | ✅ 同步成功：表 `Germany` ← 137619 行
2025-12-05 14:13:03,681 | root | INFO |  目录 data2 完成：同步 1 张表
2025-12-05 14:13:03,682 | root | INFO |  目录 data3 下无待处理文件
2025-12-05 14:13:03,682 | root | INFO |  目录 data4 下无待处理文件
2025-12-05 14:13:03,682 | root | INFO |  目录 data5 下无待处理文件
2025-12-05 14:13:03,682 | root | INFO |  目录 data6 下无待处理文件
2025-12-05 14:13:03,682 | root | INFO |  处理目录: data7 → 数据库: kayson_db7 (1) 个文件）
2025-12-05 14:13:03,682 | root | INFO |  开始处理文件：Canada.csv → 数据库: kayson_db7
2025-12-05 14:13:03,731 | root | INFO | 日期列 'Date' 已转换 (Canada.csv)
2025-12-05 14:13:03,754 | root | INFO | 金额列 'Revenue' 已处理 (Canada.csv)
2025-12-05 14:13:03,761 | root | INFO | ✅ MySQL 连接数据库 kayson_db7 成功
2025-12-05 14:13:03,831 | root | INFO | ✅ 表 `Canada` 已创建
2025-12-05 14:13:04,696 | root | INFO | ✅ 同步成功：表 `Canada` ← 46102 行
2025-12-05 14:13:04,701 | root | INFO |  目录 data7 完成：同步 1 张表
2025-12-05 14:13:04,701 | root | INFO |  全部完成！共处理 4 个文件，同步 6 张表到对应数据库
2025-12-05 17:50:25,931 | root | INFO | 开始多目录同步任务...
2025-12-05 17:50:25,931 | root | INFO |  处理目录: data → 数据库: kayson_db (1) 个文件）
2025-12-05 17:50:25,931 | root | INFO |  开始处理文件：2025年销售明细1121.xlsx → 数据库: kayson_db
2025-12-05 17:50:26,146 | root | INFO | 日期列 '日期' 已转换 (2025年销售明细1121.xlsx/11月)
2025-12-05 17:50:26,173 | root | INFO | ✅ MySQL 连接数据库 kayson_db 成功
2025-12-05 17:50:26,185 | root | INFO | ✅ 表 `表_2025年销售明细1121_11月` 已创建
2025-12-05 17:50:26,252 | root | ERROR | ❌ 同步失败：`表_2025年销售明细1121_11月` - (1366, "Incorrect integer value: '物料订单' for column '价格判断' at row 37")
Traceback (most recent call last):
  File "E:\PycharmProjects\excel_to_mysql\excel_to_mysql.py", line 220, in sync_dataframe_to_table
    cursor.executemany(sql, data)
    ~~~~~~~~~~~~~~~~~~^^^^^^^^^^^
  File "E:\PycharmProjects\excel_to_mysql\.venv\Lib\site-packages\pymysql\cursors.py", line 182, in executemany
    return self._do_execute_many(
           ~~~~~~~~~~~~~~~~~~~~~^
        q_prefix,
        ^^^^^^^^^
    ...<4 lines>...
        self._get_db().encoding,
        ^^^^^^^^^^^^^^^^^^^^^^^^
    )
    ^
  File "E:\PycharmProjects\excel_to_mysql\.venv\Lib\site-packages\pymysql\cursors.py", line 220, in _do_execute_many
    rows += self.execute(sql + postfix)
            ~~~~~~~~~~~~^^^^^^^^^^^^^^^
  File "E:\PycharmProjects\excel_to_mysql\.venv\Lib\site-packages\pymysql\cursors.py", line 153, in execute
    result = self._query(query)
  File "E:\PycharmProjects\excel_to_mysql\.venv\Lib\site-packages\pymysql\cursors.py", line 322, in _query
    conn.query(q)
    ~~~~~~~~~~^^^
  File "E:\PycharmProjects\excel_to_mysql\.venv\Lib\site-packages\pymysql\connections.py", line 575, in query
    self._affected_rows = self._read_query_result(unbuffered=unbuffered)
                          ~~~~~~~~~~~~~~~~~~~~~~~^^^^^^^^^^^^^^^^^^^^^^^
  File "E:\PycharmProjects\excel_to_mysql\.venv\Lib\site-packages\pymysql\connections.py", line 826, in _read_query_result
    result.read()
    ~~~~~~~~~~~^^
  File "E:\PycharmProjects\excel_to_mysql\.venv\Lib\site-packages\pymysql\connections.py", line 1203, in read
    first_packet = self.connection._read_packet()
  File "E:\PycharmProjects\excel_to_mysql\.venv\Lib\site-packages\pymysql\connections.py", line 782, in _read_packet
    packet.raise_for_error()
    ~~~~~~~~~~~~~~~~~~~~~~^^
  File "E:\PycharmProjects\excel_to_mysql\.venv\Lib\site-packages\pymysql\protocol.py", line 219, in raise_for_error
    err.raise_mysql_exception(self._data)
    ~~~~~~~~~~~~~~~~~~~~~~~~~^^^^^^^^^^^^
  File "E:\PycharmProjects\excel_to_mysql\.venv\Lib\site-packages\pymysql\err.py", line 150, in raise_mysql_exception
    raise errorclass(errno, errval)
pymysql.err.DataError: (1366, "Incorrect integer value: '物料订单' for column '价格判断' at row 37")
2025-12-05 17:50:26,312 | root | INFO | ✅ MySQL 连接数据库 kayson_db 成功
2025-12-05 17:50:26,317 | root | INFO | ✅ 表 `表_2025年销售明细1121_12月` 已创建
2025-12-05 17:50:26,343 | root | INFO | ✅ 同步成功：表 `表_2025年销售明细1121_12月` ← 19 行
2025-12-05 17:50:26,374 | root | INFO | ✅ MySQL 连接数据库 kayson_db 成功
2025-12-05 17:50:26,379 | root | INFO | ✅ 表 `表_2025年销售明细1121_特殊` 已创建
2025-12-05 17:50:26,411 | root | INFO | ✅ 同步成功：表 `表_2025年销售明细1121_特殊` ← 5 行
2025-12-05 17:50:26,411 | root | INFO |  目录 data 完成：同步 2 张表
2025-12-05 17:50:26,412 | root | INFO |  处理目录: data1 → 数据库: kayson_db1 (1) 个文件）
2025-12-05 17:50:26,412 | root | INFO |  开始处理文件：Nigeria.xlsx → 数据库: kayson_db1
2025-12-05 17:50:30,449 | root | INFO | 金额列 'Revenue' 已处理 (Nigeria.xlsx/Nigeria)
2025-12-05 17:50:30,479 | root | INFO | ✅ MySQL 连接数据库 kayson_db1 成功
2025-12-05 17:50:30,509 | root | INFO | ✅ 表 `Nigeria` 已创建
2025-12-05 17:50:32,931 | root | INFO | ✅ 同步成功：表 `Nigeria` ← 204905 行
2025-12-05 17:50:32,951 | root | INFO |  目录 data1 完成：同步 1 张表
2025-12-05 17:50:32,951 | root | INFO |  处理目录: data2 → 数据库: kayson_db2 (1) 个文件）
2025-12-05 17:50:32,951 | root | INFO |  开始处理文件：Germany.xlsx → 数据库: kayson_db2
2025-12-05 17:50:35,553 | root | INFO | 金额列 'Revenue' 已处理 (Germany.xlsx/Germany)
2025-12-05 17:50:35,570 | root | INFO | ✅ MySQL 连接数据库 kayson_db2 成功
2025-12-05 17:50:35,590 | root | INFO | ✅ 表 `Germany` 已创建
2025-12-05 17:50:37,224 | root | INFO | ✅ 同步成功：表 `Germany` ← 137619 行
2025-12-05 17:50:37,236 | root | INFO |  目录 data2 完成：同步 1 张表
2025-12-05 17:50:37,236 | root | INFO |  目录 data3 下无待处理文件
2025-12-05 17:50:37,236 | root | INFO |  目录 data4 下无待处理文件
2025-12-05 17:50:37,236 | root | INFO |  目录 data5 下无待处理文件
2025-12-05 17:50:37,236 | root | INFO |  目录 data6 下无待处理文件
2025-12-05 17:50:37,236 | root | INFO |  处理目录: data7 → 数据库: kayson_db7 (1) 个文件）
2025-12-05 17:50:37,236 | root | INFO |  开始处理文件：Canada.csv → 数据库: kayson_db7
2025-12-05 17:50:37,270 | root | INFO | 日期列 'Date' 已转换 (Canada.csv)
2025-12-05 17:50:37,288 | root | INFO | 金额列 'Revenue' 已处理 (Canada.csv)
2025-12-05 17:50:37,313 | root | INFO | ✅ MySQL 连接数据库 kayson_db7 成功
2025-12-05 17:50:37,335 | root | INFO | ✅ 表 `Canada` 已创建
2025-12-05 17:50:37,920 | root | INFO | ✅ 同步成功：表 `Canada` ← 46102 行
2025-12-05 17:50:37,924 | root | INFO |  目录 data7 完成：同步 1 张表
2025-12-05 17:50:37,924 | root | INFO |  全部完成！共处理 4 个文件，同步 5 张表到对应数据库
2025-12-07 09:31:25,648 | root | INFO | 开始多目录同步任务...
2025-12-07 09:31:25,649 | root | INFO |  处理目录: data → 数据库: kayson_db (1) 个文件）
2025-12-07 09:31:25,649 | root | INFO |  开始处理文件：2025年销售明细1121.xlsx → 数据库: kayson_db
2025-12-07 09:31:26,085 | root | INFO | 日期列 '日期' 已转换 (2025年销售明细1121.xlsx/11月)
2025-12-07 09:31:26,093 | root | INFO | 自动识别并处理金额列 '价格判断' (2025年销售明细1121.xlsx/11月)
2025-12-07 09:31:26,095 | root | INFO | 自动识别并处理金额列 '合同价类型' (2025年销售明细1121.xlsx/11月)
2025-12-07 09:31:26,098 | root | INFO | 自动识别并处理金额列 '价格类型+助记码' (2025年销售明细1121.xlsx/11月)
2025-12-07 09:31:26,135 | root | INFO | ✅ MySQL 连接数据库 kayson_db 成功
2025-12-07 09:31:26,155 | root | INFO | ✅ 表 `表_2025年销售明细1121_11月` 已创建
2025-12-07 09:31:26,306 | root | INFO | ✅ 同步成功：表 `表_2025年销售明细1121_11月` ← 1658 行
2025-12-07 09:31:26,351 | root | INFO | ✅ MySQL 连接数据库 kayson_db 成功
2025-12-07 09:31:26,363 | root | INFO | ✅ 表 `表_2025年销售明细1121_12月` 已创建
2025-12-07 09:31:26,410 | root | INFO | ✅ 同步成功：表 `表_2025年销售明细1121_12月` ← 19 行
2025-12-07 09:31:26,429 | root | INFO | ✅ MySQL 连接数据库 kayson_db 成功
2025-12-07 09:31:26,436 | root | INFO | ✅ 表 `表_2025年销售明细1121_特殊` 已创建
2025-12-07 09:31:26,477 | root | INFO | ✅ 同步成功：表 `表_2025年销售明细1121_特殊` ← 5 行
2025-12-07 09:31:26,477 | root | INFO |  目录 data 完成：同步 3 张表
2025-12-07 09:31:26,477 | root | INFO |  处理目录: data1 → 数据库: kayson_db1 (1) 个文件）
2025-12-07 09:31:26,477 | root | INFO |  开始处理文件：Nigeria.xlsx → 数据库: kayson_db1
2025-12-07 09:31:33,089 | root | INFO | ✅ MySQL 连接数据库 kayson_db1 成功
2025-12-07 09:31:33,131 | root | INFO | ✅ 表 `Nigeria` 已创建
2025-12-07 09:31:37,166 | root | INFO | ✅ 同步成功：表 `Nigeria` ← 204905 行
2025-12-07 09:31:37,210 | root | INFO |  目录 data1 完成：同步 1 张表
2025-12-07 09:31:37,211 | root | INFO |  处理目录: data2 → 数据库: kayson_db2 (1) 个文件）
2025-12-07 09:31:37,211 | root | INFO |  开始处理文件：Germany.xlsx → 数据库: kayson_db2
2025-12-07 09:31:40,921 | root | INFO | ✅ MySQL 连接数据库 kayson_db2 成功
2025-12-07 09:31:40,952 | root | INFO | ✅ 表 `Germany` 已创建
2025-12-07 09:31:43,429 | root | INFO | ✅ 同步成功：表 `Germany` ← 137619 行
2025-12-07 09:31:43,445 | root | INFO |  目录 data2 完成：同步 1 张表
2025-12-07 09:31:43,446 | root | INFO |  目录 data3 下无待处理文件
2025-12-07 09:31:43,446 | root | INFO |  目录 data4 下无待处理文件
2025-12-07 09:31:43,446 | root | INFO |  目录 data5 下无待处理文件
2025-12-07 09:31:43,446 | root | INFO |  目录 data6 下无待处理文件
2025-12-07 09:31:43,446 | root | INFO |  处理目录: data7 → 数据库: kayson_db7 (1) 个文件）
2025-12-07 09:31:43,446 | root | INFO |  开始处理文件：Canada.csv → 数据库: kayson_db7
2025-12-07 09:31:43,502 | root | INFO | 日期列 'Date' 已转换 (Canada.csv)
2025-12-07 09:31:43,567 | root | INFO | 自动识别并处理金额列 'Revenue' (Canada.csv)
2025-12-07 09:31:43,584 | root | INFO | ✅ MySQL 连接数据库 kayson_db7 成功
2025-12-07 09:31:43,608 | root | INFO | ✅ 表 `Canada` 已创建
2025-12-07 09:31:44,315 | root | INFO | ✅ 同步成功：表 `Canada` ← 46102 行
2025-12-07 09:31:44,322 | root | INFO |  目录 data7 完成：同步 1 张表
2025-12-07 09:31:44,322 | root | INFO |  全部完成！共处理 4 个文件，同步 6 张表到对应数据库
